text,characteristics,positive_traits
"big talk: you promised everybody spark,
then froze the second came the dark.
your ego sprinted out in front,
your actual point forgot the stunt.","boastful, overconfident, all-talk-no-action, weak debater","confident, proud, accomplished, self-assured, bold, ambitious, driven, proactive, logical, persuasive, articulate"
"all confidence, no evidence: you chase the beat, then trip before the street.","boastful, overconfident, all-talk-no-action, weak debater, clumsy, music-obsessed","confident, proud, accomplished, self-assured, bold, ambitious, driven, proactive, logical, persuasive, articulate, coordinated, graceful, dexterous"
"you keep reaching for light, but keep falling into night.",underperforming,"talented, capable, high-achieving"
"big entrance, small ending: all that claim in your voice, still nothing in the frame.","boastful, overconfident, all-talk-no-action","confident, proud, accomplished, self-assured, bold, ambitious, driven, proactive"
"big entrance, small ending: you brought fake glow, then folded on cue by show.","boastful, overconfident, image-conscious, inauthentic, all-talk-no-action, easily intimidated","confident, proud, accomplished, self-assured, bold, stylish, fashionable, well-presented, authentic, genuine, original, ambitious, driven, proactive"
"you call yourself cool, but your mirror keeps grading on a curve, fool.","boastful, overconfident, image-conscious","confident, proud, accomplished, self-assured, bold, stylish, fashionable, well-presented"
"you walked in chasing heat,
then lost your nerve before the seat.
you raised your voice to win the fight,
but volume never made you right.","weak debater, easily intimidated, hot-tempered","logical, persuasive, articulate, brave, fearless, assertive, calm, patient, level-headed, passionate, strong-willed"
"you walked in chasing light,
then lost your nerve before the night.
you raised your voice to win the fight,
but volume never made you right.","weak debater, easily intimidated, hot-tempered","logical, persuasive, articulate, brave, fearless, assertive, calm, patient, level-headed, passionate, strong-willed"
"all confidence, no evidence: your ego wants roar, your effort says door.","boastful, overconfident, all-talk-no-action, weak debater","confident, proud, accomplished, self-assured, bold, ambitious, driven, proactive, logical, persuasive, articulate"
"you brag about pace like you own every race,
then lose to your thoughts while you're tying your lace.
you talk about grace with that look on your face,
but your point needs directions to find its own place.","boastful, overconfident, weak debater","confident, proud, accomplished, self-assured, bold, logical, persuasive, articulate"
"you say you're the prime, but even your excuses can't stay in rhyme.",excuse-maker,"accountable, responsible, dependable"
"you keep on selling cool,
but facts keep dragging you to fool.
you pose like every word is gold,
then tell the same joke twice as old.","boastful, overconfident, weak debater, unfunny","confident, proud, accomplished, self-assured, bold, logical, persuasive, articulate, funny, humorous, witty"
"no surprise: you walked in chasing roar,
then lost your nerve before the door.
you raised your voice to win the fight,
but volume never made you right.","weak debater, easily intimidated, hot-tempered","logical, persuasive, articulate, brave, fearless, assertive, calm, patient, level-headed, passionate, strong-willed"
"with all that swagger, you aimed for wise, missed wide, and landed at rise.","boastful, overconfident","confident, proud, accomplished, self-assured, bold"
"you sell yourself as class, but your receipts read glass.",all-talk-no-action,"ambitious, driven, proactive"
"no surprise: you walked in chasing beat,
then lost your nerve before the street.
you raised your voice to win the fight,
but volume never made you right.","weak debater, easily intimidated, hot-tempered","logical, persuasive, articulate, brave, fearless, assertive, calm, patient, level-headed, passionate, strong-willed"
"for someone so certain, your confidence says shade, your comeback says fade.","boastful, overconfident, bad at comebacks","confident, proud, accomplished, self-assured, bold, witty, quick-witted, good at comebacks"
"no surprise: you promised everybody scene,
then froze the second came the clean.
your ego sprinted out in front,
your actual point forgot the stunt.","boastful, overconfident, all-talk-no-action, weak debater","confident, proud, accomplished, self-assured, bold, ambitious, driven, proactive, logical, persuasive, articulate"
"you flex like a champion, you borrow the light, then return it looking like night.","boastful, overconfident, inauthentic","confident, proud, accomplished, self-assured, bold, authentic, genuine, original"
"you talk like pure light, then disappear when the room gets bright.","boastful, overconfident","confident, proud, accomplished, self-assured, bold"
"big entrance, small ending: you dress every thought in cool, then lose it in the fool.","boastful, overconfident, all-talk-no-action","confident, proud, accomplished, self-assured, bold, ambitious, driven, proactive"
"all confidence, no evidence: your ego wants style, your effort says mile.","boastful, overconfident, image-conscious, all-talk-no-action, weak debater","confident, proud, accomplished, self-assured, bold, stylish, fashionable, well-presented, ambitious, driven, proactive, logical, persuasive, articulate"
"big entrance, small ending: you came for the style, but vanished by mile.","boastful, overconfident, image-conscious, all-talk-no-action","confident, proud, accomplished, self-assured, bold, stylish, fashionable, well-presented, ambitious, driven, proactive"
"for someone so certain, your whole routine screams charm, but your finish whispers alarm.","boastful, overconfident","confident, proud, accomplished, self-assured, bold"
"you keep on selling game,
but facts keep dragging you to same.
you pose like every word is gold,
then tell the same joke twice as old.","boastful, overconfident, weak debater, unfunny","confident, proud, accomplished, self-assured, bold, logical, persuasive, articulate, funny, humorous, witty"
"no surprise: you promised everybody claim,
then froze the second came the frame.
your ego sprinted out in front,
your actual point forgot the stunt.","boastful, overconfident, all-talk-no-action, weak debater","confident, proud, accomplished, self-assured, bold, ambitious, driven, proactive, logical, persuasive, articulate"
"for someone so certain, your ego wants roar, your effort says door.","boastful, overconfident, all-talk-no-action","confident, proud, accomplished, self-assured, bold, ambitious, driven, proactive"
"all confidence, no evidence: you dress every thought in track, then lose it in the back.","boastful, overconfident, all-talk-no-action, weak debater","confident, proud, accomplished, self-assured, bold, ambitious, driven, proactive, logical, persuasive, articulate"
"you keep your image clean, but your logic looks like a deleted scene.",weak debater,"logical, persuasive, articulate"
"you came in dressed for scene,
but every line dissolved by clean.
you aimed to leave the room impressed,
then made your silence sound the best.",all-talk-no-action,"ambitious, driven, proactive"
"big talk: you said your style was score,
yet somehow landed close to floor.
you built the hype from floor to roof,
then forgot to bring a shred of proof.","boastful, overconfident, image-conscious, all-talk-no-action, weak debater","confident, proud, accomplished, self-assured, bold, stylish, fashionable, well-presented, ambitious, driven, proactive, logical, persuasive, articulate"
"with all that swagger, you aimed for tone, missed wide, and landed at stone.","boastful, overconfident","confident, proud, accomplished, self-assured, bold"
"you bring maximum noise for the crowd, then minimum sense when you get loud.",attention-seeking,"charismatic, outgoing, popular"
"you talk like a legend, your whole routine screams bright, but your finish whispers fight.","boastful, overconfident, self-important","confident, proud, accomplished, self-assured, bold, leader, authoritative, influential"
"with all that swagger, you borrow the track, then return it looking like back.","boastful, overconfident, inauthentic","confident, proud, accomplished, self-assured, bold, authentic, genuine, original"
"you keep on selling scene,
but facts keep dragging you to clean.
you pose like every word is gold,
then tell the same joke twice as old.","boastful, overconfident, weak debater, unfunny","confident, proud, accomplished, self-assured, bold, logical, persuasive, articulate, funny, humorous, witty"
"you chase the score, then trip before the floor.",clumsy,"coordinated, graceful, dexterous"
"with all that swagger, you dress every thought in loud, then lose it in the crowd.","boastful, overconfident, attention-seeking","confident, proud, accomplished, self-assured, bold, charismatic, outgoing, popular"
"you said your style was class,
yet somehow landed close to glass.
you built the hype from floor to roof,
then forgot to bring a shred of proof.","image-conscious, all-talk-no-action, weak debater","stylish, fashionable, well-presented, ambitious, driven, proactive, logical, persuasive, articulate"
"you walked in with flair like you owned the air,
then searched for a comeback and found nothing there.
you posed like a legend, polished and rare,
but even your echo declined to care.","self-important, bad at comebacks","leader, authoritative, influential, witty, quick-witted, good at comebacks"
"big talk: you promised everybody cool,
then froze the second came the fool.
your ego sprinted out in front,
your actual point forgot the stunt.","boastful, overconfident, all-talk-no-action, weak debater","confident, proud, accomplished, self-assured, bold, ambitious, driven, proactive, logical, persuasive, articulate"
"no surprise: you walked in chasing wise,
then lost your nerve before the rise.
you raised your voice to win the fight,
but volume never made you right.","weak debater, easily intimidated, hot-tempered","logical, persuasive, articulate, brave, fearless, assertive, calm, patient, level-headed, passionate, strong-willed"
"for someone so certain, you promised pure prime; the room got secondhand rhyme.","boastful, overconfident","confident, proud, accomplished, self-assured, bold"
"you chase every trend for a name, then wonder why nobody remembers the flame.",attention-seeking,"charismatic, outgoing, popular"
"with all that swagger, you keep reaching for charm, but keep falling into alarm.","boastful, overconfident","confident, proud, accomplished, self-assured, bold"
"you stay on the attack, yet every comeback circles right back.",bad at comebacks,"witty, quick-witted, good at comebacks"
"no surprise: you said your style was wise,
yet somehow landed close to rise.
you built the hype from floor to roof,
then forgot to bring a shred of proof.","image-conscious, all-talk-no-action, weak debater","stylish, fashionable, well-presented, ambitious, driven, proactive, logical, persuasive, articulate"
"you promised everybody beat,
then froze the second came the street.
your ego sprinted out in front,
your actual point forgot the stunt.","boastful, overconfident, all-talk-no-action, weak debater","confident, proud, accomplished, self-assured, bold, ambitious, driven, proactive, logical, persuasive, articulate"
"no surprise: you came in dressed for game,
but every line dissolved by same.
you aimed to leave the room impressed,
then made your silence sound the best.",all-talk-no-action,"ambitious, driven, proactive"
"for someone so certain, you brought fake crown, then folded on cue by down.","boastful, overconfident, self-important, inauthentic, easily intimidated","confident, proud, accomplished, self-assured, bold, leader, authoritative, influential, authentic, genuine, original, brave, fearless, assertive"
"for someone so certain, all that shade in your voice, still nothing in the fade.","boastful, overconfident","confident, proud, accomplished, self-assured, bold"
"for someone so certain, your whole routine screams track, but your finish whispers back.","boastful, overconfident","confident, proud, accomplished, self-assured, bold"
"you claim you're the glow that improves every show,
then dim every room with the same tired flow.
you aim high and low, but wherever you go,
your punchline arrives three business days slow.","boastful, overconfident, image-conscious, bad at comebacks","confident, proud, accomplished, self-assured, bold, stylish, fashionable, well-presented, witty, quick-witted, good at comebacks"
"you made a big claim, then framed your own loss in a cheaper frame.",all-talk-no-action,"ambitious, driven, proactive"
"you came for the crown and stared us all down,
then your argument slipped and rolled out of town.
you called it a win with a confident frown,
but the scoreboard laughed and wrote 'sit down.'","self-important, weak debater, clumsy","leader, authoritative, influential, logical, persuasive, articulate, coordinated, graceful, dexterous"
"no surprise: you promised everybody score,
then froze the second came the floor.
your ego sprinted out in front,
your actual point forgot the stunt.","boastful, overconfident, all-talk-no-action, weak debater","confident, proud, accomplished, self-assured, bold, ambitious, driven, proactive, logical, persuasive, articulate"
"for someone so certain, you promised pure roar; the room got secondhand door.","boastful, overconfident","confident, proud, accomplished, self-assured, bold"
"all confidence, no evidence: you came for the light, but vanished by night.","boastful, overconfident, all-talk-no-action, weak debater","confident, proud, accomplished, self-assured, bold, ambitious, driven, proactive, logical, persuasive, articulate"
"big entrance, small ending: you came for the light, but vanished by night.","boastful, overconfident, all-talk-no-action","confident, proud, accomplished, self-assured, bold, ambitious, driven, proactive"
"big entrance, small ending: you chase the prime, then trip before the rhyme.","boastful, overconfident, all-talk-no-action, clumsy","confident, proud, accomplished, self-assured, bold, ambitious, driven, proactive, coordinated, graceful, dexterous"
"no surprise: you keep on selling beat,
but facts keep dragging you to street.
you pose like every word is gold,
then tell the same joke twice as old.","boastful, overconfident, weak debater, unfunny","confident, proud, accomplished, self-assured, bold, logical, persuasive, articulate, funny, humorous, witty"
"you walked in chasing class,
then lost your nerve before the glass.
you raised your voice to win the fight,
but volume never made you right.","weak debater, easily intimidated, hot-tempered","logical, persuasive, articulate, brave, fearless, assertive, calm, patient, level-headed, passionate, strong-willed"
"no surprise: you keep on selling grace,
but facts keep dragging you to place.
you pose like every word is gold,
then tell the same joke twice as old.","boastful, overconfident, weak debater, unfunny","confident, proud, accomplished, self-assured, bold, logical, persuasive, articulate, funny, humorous, witty"
"for someone so certain, your confidence says name, your comeback says flame.","boastful, overconfident, bad at comebacks","confident, proud, accomplished, self-assured, bold, witty, quick-witted, good at comebacks"
"you walked in chasing prime,
then lost your nerve before the rhyme.
you raised your voice to win the fight,
but volume never made you right.","weak debater, easily intimidated, hot-tempered","logical, persuasive, articulate, brave, fearless, assertive, calm, patient, level-headed, passionate, strong-willed"
"no surprise: you keep on selling loud,
but facts keep dragging you to crowd.
you pose like every word is gold,
then tell the same joke twice as old.","boastful, overconfident, attention-seeking, weak debater, unfunny","confident, proud, accomplished, self-assured, bold, charismatic, outgoing, popular, logical, persuasive, articulate, funny, humorous, witty"
"you promised everybody flow,
then froze the second came the low.
your ego sprinted out in front,
your actual point forgot the stunt.","boastful, overconfident, all-talk-no-action, weak debater","confident, proud, accomplished, self-assured, bold, ambitious, driven, proactive, logical, persuasive, articulate"
"you want to look bright, all polished in light,
then crumble whenever the details get tight.
you swear you're a sight, a champion in flight,
but your own first draft keeps escaping at night.","boastful, overconfident","confident, proud, accomplished, self-assured, bold"
"your whole routine screams style, but your finish whispers mile.",image-conscious,"stylish, fashionable, well-presented"
"you came in dressed for pace,
but every line dissolved by race.
you aimed to leave the room impressed,
then made your silence sound the best.",all-talk-no-action,"ambitious, driven, proactive"
"you roll in dramatic, you came for the flow, but vanished by low.",all-talk-no-action,"ambitious, driven, proactive"
"your ego wants pace, your effort says race.","boastful, overconfident, all-talk-no-action","confident, proud, accomplished, self-assured, bold, ambitious, driven, proactive"
"with all that swagger, you chase the clout, then trip before the out.","boastful, overconfident, attention-seeking, clumsy","confident, proud, accomplished, self-assured, bold, charismatic, outgoing, popular, coordinated, graceful, dexterous"
"with all that swagger, you promised pure class; the room got secondhand glass.","boastful, overconfident","confident, proud, accomplished, self-assured, bold"
"you promised everybody track,
then froze the second came the back.
your ego sprinted out in front,
your actual point forgot the stunt.","boastful, overconfident, all-talk-no-action, weak debater","confident, proud, accomplished, self-assured, bold, ambitious, driven, proactive, logical, persuasive, articulate"
you promised pure track; the room got secondhand back.,all-talk-no-action,"ambitious, driven, proactive"
"all confidence, no evidence: you aimed for spark, missed wide, and landed at dark.","boastful, overconfident, all-talk-no-action, weak debater","confident, proud, accomplished, self-assured, bold, ambitious, driven, proactive, logical, persuasive, articulate"
"your confidence says class, your comeback says glass.",bad at comebacks,"witty, quick-witted, good at comebacks"
"you roar at the door, then whisper when the facts hit the floor.",weak debater,"logical, persuasive, articulate"
"no surprise: you keep on selling spark,
but facts keep dragging you to dark.
you pose like every word is gold,
then tell the same joke twice as old.","boastful, overconfident, weak debater, unfunny","confident, proud, accomplished, self-assured, bold, logical, persuasive, articulate, funny, humorous, witty"
"no surprise: you came in dressed for glow,
but every line dissolved by show.
you aimed to leave the room impressed,
then made your silence sound the best.",image-conscious,"stylish, fashionable, well-presented"
"you swear you're iconic, you came for the flow, but vanished by low.","boastful, overconfident","confident, proud, accomplished, self-assured, bold"
"all confidence, no evidence: you brought fake tone, then folded on cue by stone.","boastful, overconfident, inauthentic, all-talk-no-action, weak debater, easily intimidated","confident, proud, accomplished, self-assured, bold, authentic, genuine, original, ambitious, driven, proactive, logical, persuasive, articulate"
"you sell every sentence, you promised pure game; the room got secondhand same.",all-talk-no-action,"ambitious, driven, proactive"
"for someone so certain, your whole routine screams crown, but your finish whispers down.","boastful, overconfident, self-important","confident, proud, accomplished, self-assured, bold, leader, authoritative, influential"
"you call your style clean, but your punchline looks stuck between scenes.","image-conscious, bad at comebacks","stylish, fashionable, well-presented, witty, quick-witted, good at comebacks"
"you call yourself brave, but your confidence crashes at the first small wave.","boastful, overconfident, clumsy","brave, resilient, confident, proud, accomplished, self-assured, bold, coordinated, graceful, dexterous"
"you swear you're iconic, you dress every thought in bright, then lose it in the fight.","boastful, overconfident","confident, proud, accomplished, self-assured, bold"
"you act like a boss, you borrow the class, then return it looking like glass.","boastful, overconfident, inauthentic","confident, proud, accomplished, self-assured, bold, authentic, genuine, original"
"all confidence, no evidence: your confidence says fire, your comeback says tire.","boastful, overconfident, all-talk-no-action, weak debater, bad at comebacks","confident, proud, accomplished, self-assured, bold, ambitious, driven, proactive, logical, persuasive, articulate, witty, quick-witted, good at comebacks"
"you polish your image, you borrow the claim, then return it looking like frame.",inauthentic,"authentic, genuine, original"
"you came in dressed for clout,
but every line dissolved by out.
you aimed to leave the room impressed,
then made your silence sound the best.",attention-seeking,"charismatic, outgoing, popular"
"you walked in chasing tone,
then lost your nerve before the stone.
you raised your voice to win the fight,
but volume never made you right.","weak debater, easily intimidated, hot-tempered","logical, persuasive, articulate, brave, fearless, assertive, calm, patient, level-headed, passionate, strong-willed"
"big entrance, small ending: your whole routine screams charm, but your finish whispers alarm.","boastful, overconfident, all-talk-no-action","confident, proud, accomplished, self-assured, bold, ambitious, driven, proactive"
"you said your style was grace,
yet somehow landed close to place.
you built the hype from floor to roof,
then forgot to bring a shred of proof.","image-conscious, all-talk-no-action, weak debater","stylish, fashionable, well-presented, ambitious, driven, proactive, logical, persuasive, articulate"
"you hype every story, you aimed for fire, missed wide, and landed at tire.",underperforming,"talented, capable, high-achieving"
"you came for the shade, but vanished by fade.",all-talk-no-action,"ambitious, driven, proactive"
"you said your style was spark,
yet somehow landed close to dark.
you built the hype from floor to roof,
then forgot to bring a shred of proof.","image-conscious, all-talk-no-action, weak debater","stylish, fashionable, well-presented, ambitious, driven, proactive, logical, persuasive, articulate"
"you claim you bring heat, but even your shadow wants a different seat.",all-talk-no-action,"ambitious, driven, proactive"
"you said your style was tone,
yet somehow landed close to stone.
you built the hype from floor to roof,
then forgot to bring a shred of proof.","image-conscious, all-talk-no-action, weak debater","stylish, fashionable, well-presented, ambitious, driven, proactive, logical, persuasive, articulate"
"you said your style was light,
yet somehow landed close to night.
you built the hype from floor to roof,
then forgot to bring a shred of proof.","image-conscious, all-talk-no-action, weak debater","stylish, fashionable, well-presented, ambitious, driven, proactive, logical, persuasive, articulate"
"big entrance, small ending: your ego wants shade, your effort says fade.","boastful, overconfident, all-talk-no-action","confident, proud, accomplished, self-assured, bold, ambitious, driven, proactive"
"you promised everybody wave,
then froze the second came the brave.
your ego sprinted out in front,
your actual point forgot the stunt.","boastful, overconfident, all-talk-no-action, weak debater","brave, resilient, confident, proud, accomplished, self-assured, bold, ambitious, driven, proactive, logical, persuasive, articulate"
"you aimed for track, missed wide, and landed at back.",underperforming,"talented, capable, high-achieving"
"you said you had class, all shine behind glass,
then opened your mouth and let common sense pass.
you wanted first place, but moved slow as molasses,
now your own reflection is asking for passes.",weak debater,"logical, persuasive, articulate"
"you came with the charm and a five-alarm alarm,
but your actual comeback did nobody harm.
you flexed every pose, every angle, each arm,
then lost to one sentence delivered with calm.",bad at comebacks,"patient, calm, witty, quick-witted, good at comebacks"
"for someone so certain, you sell yourself as tone, but your receipts read stone.","boastful, overconfident","confident, proud, accomplished, self-assured, bold"
"you dress every thought in game, then lose it in the same.",all-talk-no-action,"ambitious, driven, proactive"
"you swear you're elite on the beat, but your rhythm keeps missing the street.","boastful, overconfident, self-important, music-obsessed, poor musician","confident, proud, accomplished, self-assured, bold, leader, authoritative, influential, music lover, musical, musician, talented musician, good singer"
"all confidence, no evidence: you call that cool; everybody else calls it fool.","boastful, overconfident, all-talk-no-action, weak debater","confident, proud, accomplished, self-assured, bold, ambitious, driven, proactive, logical, persuasive, articulate"
"you said your style was clout,
yet somehow landed close to out.
you built the hype from floor to roof,
then forgot to bring a shred of proof.","attention-seeking, image-conscious, all-talk-no-action, weak debater","charismatic, outgoing, popular, stylish, fashionable, well-presented, ambitious, driven, proactive, logical, persuasive, articulate"
"big talk: you said your style was scene,
yet somehow landed close to clean.
you built the hype from floor to roof,
then forgot to bring a shred of proof.","boastful, overconfident, image-conscious, all-talk-no-action, weak debater","confident, proud, accomplished, self-assured, bold, stylish, fashionable, well-presented, ambitious, driven, proactive, logical, persuasive, articulate"
"big talk: you walked in chasing track,
then lost your nerve before the back.
you raised your voice to win the fight,
but volume never made you right.","boastful, overconfident, weak debater, easily intimidated, hot-tempered","confident, proud, accomplished, self-assured, bold, logical, persuasive, articulate, brave, fearless, assertive, calm, patient, level-headed"
"big talk: you keep on selling roar,
but facts keep dragging you to door.
you pose like every word is gold,
then tell the same joke twice as old.","boastful, overconfident, weak debater, unfunny","confident, proud, accomplished, self-assured, bold, logical, persuasive, articulate, funny, humorous, witty"
"no surprise: you promised everybody loud,
then froze the second came the crowd.
your ego sprinted out in front,
your actual point forgot the stunt.","boastful, overconfident, attention-seeking, all-talk-no-action, weak debater","confident, proud, accomplished, self-assured, bold, charismatic, outgoing, popular, ambitious, driven, proactive, logical, persuasive, articulate"
"you carry that ego, you keep reaching for shade, but keep falling into fade.",overconfident,"confident, self-assured, bold"
"all confidence, no evidence: you promised pure loud; the room got secondhand crowd.","boastful, overconfident, attention-seeking, all-talk-no-action, weak debater","confident, proud, accomplished, self-assured, bold, charismatic, outgoing, popular, ambitious, driven, proactive, logical, persuasive, articulate"
"you beg for the clout, then act surprised when common sense walks out.","attention-seeking, weak debater","charismatic, outgoing, popular, logical, persuasive, articulate"
"you talk with a crown, then your whole point falls down.","self-important, weak debater, clumsy","leader, authoritative, influential, logical, persuasive, articulate, coordinated, graceful, dexterous"
"for someone so certain, you aimed for charm, missed wide, and landed at alarm.","boastful, overconfident","confident, proud, accomplished, self-assured, bold"
"you boast like a king, all that wave in your voice, still nothing in the brave.","boastful, overconfident, self-important","brave, resilient, confident, proud, accomplished, self-assured, bold, leader, authoritative, influential"
"you promised everybody tone,
then froze the second came the stone.
your ego sprinted out in front,
your actual point forgot the stunt.","boastful, overconfident, all-talk-no-action, weak debater","confident, proud, accomplished, self-assured, bold, ambitious, driven, proactive, logical, persuasive, articulate"
"no surprise: you said your style was light,
yet somehow landed close to night.
you built the hype from floor to roof,
then forgot to bring a shred of proof.","image-conscious, all-talk-no-action, weak debater","stylish, fashionable, well-presented, ambitious, driven, proactive, logical, persuasive, articulate"
"for someone so certain, you brought fake pace, then folded on cue by race.","boastful, overconfident, inauthentic, easily intimidated","confident, proud, accomplished, self-assured, bold, authentic, genuine, original, brave, fearless, assertive"
"all confidence, no evidence: you borrow the crown, then return it looking like down.","boastful, overconfident, self-important, inauthentic, all-talk-no-action, weak debater","confident, proud, accomplished, self-assured, bold, leader, authoritative, influential, authentic, genuine, original, ambitious, driven, proactive"
"you promised a show, then delivered one long typo in slow-mo.",all-talk-no-action,"ambitious, driven, proactive"
"you say you're the name and you live for the flame,
yet every new boast somehow sounds just the same.
you came for the fame and rewrote the game,
then blamed every loss on the font in your name.","boastful, overconfident, attention-seeking, excuse-maker","confident, proud, accomplished, self-assured, bold, charismatic, outgoing, popular, accountable, responsible, dependable"
"for someone so certain, you promised pure spark; the room got secondhand dark.","boastful, overconfident","confident, proud, accomplished, self-assured, bold"
"all confidence, no evidence: your whole routine screams track, but your finish whispers back.","boastful, overconfident, all-talk-no-action, weak debater","confident, proud, accomplished, self-assured, bold, ambitious, driven, proactive, logical, persuasive, articulate"
"all confidence, no evidence: you came for the prime, but vanished by rhyme.","boastful, overconfident, all-talk-no-action, weak debater","confident, proud, accomplished, self-assured, bold, ambitious, driven, proactive, logical, persuasive, articulate"
"you came for the flame, then forgot the punchline and blamed the game.","bad at comebacks, excuse-maker","witty, quick-witted, good at comebacks, accountable, responsible, dependable"
you call that a flow? even your autocorrect told you to go low.,all-talk-no-action,"ambitious, driven, proactive"
"you borrow the beat, then return it looking like street.","inauthentic, music-obsessed","authentic, genuine, original, music lover, musical, musician"
"big talk: you keep on selling glow,
but facts keep dragging you to show.
you pose like every word is gold,
then tell the same joke twice as old.","boastful, overconfident, image-conscious, weak debater, unfunny","confident, proud, accomplished, self-assured, bold, stylish, fashionable, well-presented, logical, persuasive, articulate, funny, humorous, witty"
"you walked in chasing flair,
then lost your nerve before the air.
you raised your voice to win the fight,
but volume never made you right.","weak debater, easily intimidated, hot-tempered","logical, persuasive, articulate, brave, fearless, assertive, calm, patient, level-headed, passionate, strong-willed"
"big talk: you promised everybody prime,
then froze the second came the rhyme.
your ego sprinted out in front,
your actual point forgot the stunt.","boastful, overconfident, all-talk-no-action, weak debater","confident, proud, accomplished, self-assured, bold, ambitious, driven, proactive, logical, persuasive, articulate"
you call that a glow? even the loading screen puts on a better show.,image-conscious,"stylish, fashionable, well-presented"
"you came in dressed for tone,
but every line dissolved by stone.
you aimed to leave the room impressed,
then made your silence sound the best.",all-talk-no-action,"ambitious, driven, proactive"
"big talk: you came in dressed for prime,
but every line dissolved by rhyme.
you aimed to leave the room impressed,
then made your silence sound the best.","boastful, overconfident","confident, proud, accomplished, self-assured, bold"
"you arrive with a roar and kick at the door,
then whisper when someone asks what all that was for.
you demand an encore and then ask for one more,
but the joke checked out back on line number four.",unfunny,"funny, humorous, witty"
"with all that swagger, you entered chasing wave, then exited avoiding brave.","boastful, overconfident","brave, resilient, confident, proud, accomplished, self-assured, bold"
"big entrance, small ending: you entered chasing wise, then exited avoiding rise.","boastful, overconfident, all-talk-no-action","confident, proud, accomplished, self-assured, bold, ambitious, driven, proactive"
"with all that swagger, you brought fake game, then folded on cue by same.","boastful, overconfident, inauthentic, easily intimidated","confident, proud, accomplished, self-assured, bold, authentic, genuine, original, brave, fearless, assertive"
"big entrance, small ending: you came for the name, but vanished by flame.","boastful, overconfident, all-talk-no-action","confident, proud, accomplished, self-assured, bold, ambitious, driven, proactive"
"you talk like you're wise, but your logic never learned how to rise.","boastful, overconfident, weak debater","confident, proud, accomplished, self-assured, bold, logical, persuasive, articulate"
"you came in dressed for flair,
but every line dissolved by air.
you aimed to leave the room impressed,
then made your silence sound the best.",all-talk-no-action,"ambitious, driven, proactive"
"all confidence, no evidence: your whole routine screams glow, but your finish whispers show.","boastful, overconfident, image-conscious, all-talk-no-action, weak debater","confident, proud, accomplished, self-assured, bold, stylish, fashionable, well-presented, ambitious, driven, proactive, logical, persuasive, articulate"
"you act like a wave, but need three rehearsals just to look brave.","boastful, overconfident","brave, resilient, confident, proud, accomplished, self-assured, bold"
"big entrance, small ending: you promised pure pace; the room got secondhand race.","boastful, overconfident, all-talk-no-action","confident, proud, accomplished, self-assured, bold, ambitious, driven, proactive"
"you came in with heat, but left your best comeback under the seat.",bad at comebacks,"witty, quick-witted, good at comebacks"
"all that class in your voice, still nothing in the glass.",underperforming,"talented, capable, high-achieving"
"big entrance, small ending: you dress every thought in name, then lose it in the flame.","boastful, overconfident, all-talk-no-action","confident, proud, accomplished, self-assured, bold, ambitious, driven, proactive"
"you step on the track and demand respect back,
then every weak bar gets lost in the stack.
you talk big attack, but your timing goes slack,
even your own rhythm keeps asking, 'who's that?'","music-obsessed, poor musician","music lover, musical, musician, talented musician, good singer"
"you aimed for clout, missed wide, and landed at out.",attention-seeking,"charismatic, outgoing, popular"
"you said your style was style,
yet somehow landed close to mile.
you built the hype from floor to roof,
then forgot to bring a shred of proof.","image-conscious, all-talk-no-action, weak debater","stylish, fashionable, well-presented, ambitious, driven, proactive, logical, persuasive, articulate"
"big talk: you said your style was crown,
yet somehow landed close to down.
you built the hype from floor to roof,
then forgot to bring a shred of proof.","boastful, overconfident, self-important, image-conscious, all-talk-no-action, weak debater","confident, proud, accomplished, self-assured, bold, leader, authoritative, influential, stylish, fashionable, well-presented, ambitious, driven, proactive"
"with all that swagger, you aimed for score, missed wide, and landed at floor.","boastful, overconfident","confident, proud, accomplished, self-assured, bold"
"you came in dressed for class,
but every line dissolved by glass.
you aimed to leave the room impressed,
then made your silence sound the best.",all-talk-no-action,"ambitious, driven, proactive"
"big talk: you came in dressed for grace,
but every line dissolved by place.
you aimed to leave the room impressed,
then made your silence sound the best.","boastful, overconfident","confident, proud, accomplished, self-assured, bold"
"big entrance, small ending: your confidence says style, your comeback says mile.","boastful, overconfident, image-conscious, all-talk-no-action, bad at comebacks","confident, proud, accomplished, self-assured, bold, stylish, fashionable, well-presented, ambitious, driven, proactive, witty, quick-witted, good at comebacks"
you call that clout; everybody else calls it out.,attention-seeking,"charismatic, outgoing, popular"
"big entrance, small ending: you promised pure game; the room got secondhand same.","boastful, overconfident, all-talk-no-action","confident, proud, accomplished, self-assured, bold, ambitious, driven, proactive"
"all confidence, no evidence: you sell yourself as style, but your receipts read mile.","boastful, overconfident, image-conscious, all-talk-no-action, weak debater","confident, proud, accomplished, self-assured, bold, stylish, fashionable, well-presented, ambitious, driven, proactive, logical, persuasive, articulate"
"you promised a show with unstoppable flow,
then your best idea whispered, 'i should probably go.'
you chased that glow but moved too slow,
now even the punchline is lying low.","image-conscious, bad at comebacks","stylish, fashionable, well-presented, witty, quick-witted, good at comebacks"
"for someone so certain, your ego wants clout, your effort says out.","boastful, overconfident, attention-seeking, all-talk-no-action","confident, proud, accomplished, self-assured, bold, charismatic, outgoing, popular, ambitious, driven, proactive"
"your ego wants light, your effort says night.","boastful, overconfident, all-talk-no-action","confident, proud, accomplished, self-assured, bold, ambitious, driven, proactive"
"you came with a spark, but your punchline died in the dark.",bad at comebacks,"witty, quick-witted, good at comebacks"
"you borrow the spark, then return it looking like dark.",inauthentic,"authentic, genuine, original"
"all confidence, no evidence: all that grace in your voice, still nothing in the place.","boastful, overconfident, all-talk-no-action, weak debater","confident, proud, accomplished, self-assured, bold, ambitious, driven, proactive, logical, persuasive, articulate"
"all confidence, no evidence: you sell yourself as name, but your receipts read flame.","boastful, overconfident, all-talk-no-action, weak debater","confident, proud, accomplished, self-assured, bold, ambitious, driven, proactive, logical, persuasive, articulate"
"you move like a mastermind, you call that glow; everybody else calls it show.",image-conscious,"stylish, fashionable, well-presented"
"big entrance, small ending: you sell yourself as cool, but your receipts read fool.","boastful, overconfident, all-talk-no-action","confident, proud, accomplished, self-assured, bold, ambitious, driven, proactive"
"big talk: you came in dressed for style,
but every line dissolved by mile.
you aimed to leave the room impressed,
then made your silence sound the best.","boastful, overconfident, image-conscious","confident, proud, accomplished, self-assured, bold, stylish, fashionable, well-presented"
"you say you've got class, but your whole act cracks like bargain glass.",all-talk-no-action,"ambitious, driven, proactive"
"you walked in chasing grace,
then lost your nerve before the place.
you raised your voice to win the fight,
but volume never made you right.","weak debater, easily intimidated, hot-tempered","logical, persuasive, articulate, brave, fearless, assertive, calm, patient, level-headed, passionate, strong-willed"
"you reach for the glow, then dim the second you start the show.",image-conscious,"stylish, fashionable, well-presented"
"with all that swagger, your confidence says wise, your comeback says rise.","boastful, overconfident, bad at comebacks","confident, proud, accomplished, self-assured, bold, witty, quick-witted, good at comebacks"
"you keep on selling beat,
but facts keep dragging you to street.
you pose like every word is gold,
then tell the same joke twice as old.","boastful, overconfident, weak debater, unfunny","confident, proud, accomplished, self-assured, bold, logical, persuasive, articulate, funny, humorous, witty"
"you chase the shade, then trip before the fade.",clumsy,"coordinated, graceful, dexterous"
"with all that swagger, your confidence says score, your comeback says floor.","boastful, overconfident, bad at comebacks","confident, proud, accomplished, self-assured, bold, witty, quick-witted, good at comebacks"
"big entrance, small ending: you dress every thought in claim, then lose it in the frame.","boastful, overconfident, all-talk-no-action","confident, proud, accomplished, self-assured, bold, ambitious, driven, proactive"
"you flex like a champion, you came for the spark, but vanished by dark.","boastful, overconfident","confident, proud, accomplished, self-assured, bold"
"for someone so certain, you dress every thought in light, then lose it in the night.","boastful, overconfident","confident, proud, accomplished, self-assured, bold"
"you came in loud, performing for the crowd,
then lost your whole direction when the facts got loud.
you wanted the room to echo your name,
but silence hit harder and won the game.","attention-seeking, weak debater","charismatic, outgoing, popular, logical, persuasive, articulate"
"big entrance, small ending: you sell yourself as tone, but your receipts read stone.","boastful, overconfident, all-talk-no-action","confident, proud, accomplished, self-assured, bold, ambitious, driven, proactive"
"all that beat in your voice, still nothing in the street.",underperforming,"talented, capable, high-achieving"
"all that shade in your voice, still nothing in the fade.",underperforming,"talented, capable, high-achieving"
"you threw shade for days, then your own punchline started to fade.",bad at comebacks,"witty, quick-witted, good at comebacks"
"you came in dressed for score,
but every line dissolved by floor.
you aimed to leave the room impressed,
then made your silence sound the best.",all-talk-no-action,"ambitious, driven, proactive"
"you polish your tone, but your point still lands heavy as stone.","all-talk-no-action, weak debater","ambitious, driven, proactive, logical, persuasive, articulate"
"with all that swagger, you sell yourself as loud, but your receipts read crowd.","boastful, overconfident, attention-seeking","confident, proud, accomplished, self-assured, bold, charismatic, outgoing, popular"
"all confidence, no evidence: you chase the grace, then trip before the place.","boastful, overconfident, all-talk-no-action, weak debater, clumsy","confident, proud, accomplished, self-assured, bold, ambitious, driven, proactive, logical, persuasive, articulate, coordinated, graceful, dexterous"
"you flex like a champion, your confidence says track, your comeback says back.","boastful, overconfident, bad at comebacks","confident, proud, accomplished, self-assured, bold, witty, quick-witted, good at comebacks"
"for someone so certain, your whole routine screams name, but your finish whispers flame.","boastful, overconfident","confident, proud, accomplished, self-assured, bold"
"all confidence, no evidence: you call that crown; everybody else calls it down.","boastful, overconfident, self-important, all-talk-no-action, weak debater","confident, proud, accomplished, self-assured, bold, leader, authoritative, influential, ambitious, driven, proactive, logical, persuasive, articulate"
"you talk about class, but your comeback is fog on cheap glass.",bad at comebacks,"witty, quick-witted, good at comebacks"
"you show up so certain, you aimed for grace, missed wide, and landed at place.","boastful, overconfident","confident, proud, accomplished, self-assured, bold"
"for someone so certain, you borrow the crown, then return it looking like down.","boastful, overconfident, self-important, inauthentic","confident, proud, accomplished, self-assured, bold, leader, authoritative, influential, authentic, genuine, original"
"you enter like thunder, your whole routine screams glow, but your finish whispers show.",image-conscious,"stylish, fashionable, well-presented"
"for someone so certain, you entered chasing bright, then exited avoiding fight.","boastful, overconfident","confident, proud, accomplished, self-assured, bold"
"you flex for the crowd, but weak ideas only sound extra loud.","boastful, overconfident, attention-seeking","confident, proud, accomplished, self-assured, bold, charismatic, outgoing, popular"
"you want the crown, but your own setup keeps letting you down.",self-important,"leader, authoritative, influential"
"you aimed for crown, missed wide, and landed at down.",self-important,"leader, authoritative, influential"
"all that tone in your voice, still nothing in the stone.",all-talk-no-action,"ambitious, driven, proactive"
"for someone so certain, you keep reaching for shade, but keep falling into fade.","boastful, overconfident","confident, proud, accomplished, self-assured, bold"
"big entrance, small ending: you entered chasing roar, then exited avoiding door.","boastful, overconfident, all-talk-no-action","confident, proud, accomplished, self-assured, bold, ambitious, driven, proactive"
"you promised everybody claim,
then froze the second came the frame.
your ego sprinted out in front,
your actual point forgot the stunt.","boastful, overconfident, all-talk-no-action, weak debater","confident, proud, accomplished, self-assured, bold, ambitious, driven, proactive, logical, persuasive, articulate"
"with all that swagger, your ego wants roar, your effort says door.","boastful, overconfident, all-talk-no-action","confident, proud, accomplished, self-assured, bold, ambitious, driven, proactive"
"you sell yourself as fire, but your receipts read tire.",all-talk-no-action,"ambitious, driven, proactive"
"for someone so certain, you keep reaching for fire, but keep falling into tire.","boastful, overconfident","confident, proud, accomplished, self-assured, bold"
"for someone so certain, you aimed for scene, missed wide, and landed at clean.","boastful, overconfident","confident, proud, accomplished, self-assured, bold"
"all that fire in your voice, still nothing in the tire.",underperforming,"talented, capable, high-achieving"
"all confidence, no evidence: you chase the tone, then trip before the stone.","boastful, overconfident, all-talk-no-action, weak debater, clumsy","confident, proud, accomplished, self-assured, bold, ambitious, driven, proactive, logical, persuasive, articulate, coordinated, graceful, dexterous"
"big talk: you promised everybody grace,
then froze the second came the place.
your ego sprinted out in front,
your actual point forgot the stunt.","boastful, overconfident, all-talk-no-action, weak debater","confident, proud, accomplished, self-assured, bold, ambitious, driven, proactive, logical, persuasive, articulate"
"all confidence, no evidence: you sell yourself as shade, but your receipts read fade.","boastful, overconfident, all-talk-no-action, weak debater","confident, proud, accomplished, self-assured, bold, ambitious, driven, proactive, logical, persuasive, articulate"
"with all that swagger, you keep reaching for style, but keep falling into mile.","boastful, overconfident, image-conscious","confident, proud, accomplished, self-assured, bold, stylish, fashionable, well-presented"
"big entrance, small ending: all that wise in your voice, still nothing in the rise.","boastful, overconfident, all-talk-no-action","confident, proud, accomplished, self-assured, bold, ambitious, driven, proactive"
"you aimed for bright, missed wide, and landed at fight.",underperforming,"talented, capable, high-achieving"
"big entrance, small ending: all that pace in your voice, still nothing in the race.","boastful, overconfident, all-talk-no-action","confident, proud, accomplished, self-assured, bold, ambitious, driven, proactive"
"all confidence, no evidence: you chase the name, then trip before the flame.","boastful, overconfident, all-talk-no-action, weak debater, clumsy","confident, proud, accomplished, self-assured, bold, ambitious, driven, proactive, logical, persuasive, articulate, coordinated, graceful, dexterous"
"you promised everybody class,
then froze the second came the glass.
your ego sprinted out in front,
your actual point forgot the stunt.","boastful, overconfident, all-talk-no-action, weak debater","confident, proud, accomplished, self-assured, bold, ambitious, driven, proactive, logical, persuasive, articulate"
"you flex like a champion, you keep reaching for charm, but keep falling into alarm.","boastful, overconfident","confident, proud, accomplished, self-assured, bold"
"you borrow the prime, then return it looking like rhyme.",inauthentic,"authentic, genuine, original"
"for someone so certain, you borrow the roar, then return it looking like door.","boastful, overconfident, inauthentic","confident, proud, accomplished, self-assured, bold, authentic, genuine, original"
"with all that swagger, you aimed for clout, missed wide, and landed at out.","boastful, overconfident, attention-seeking","confident, proud, accomplished, self-assured, bold, charismatic, outgoing, popular"
"big entrance, small ending: you entered chasing charm, then exited avoiding alarm.","boastful, overconfident, all-talk-no-action","confident, proud, accomplished, self-assured, bold, ambitious, driven, proactive"
"all confidence, no evidence: you came for the charm, but vanished by alarm.","boastful, overconfident, all-talk-no-action, weak debater","confident, proud, accomplished, self-assured, bold, ambitious, driven, proactive, logical, persuasive, articulate"
"big entrance, small ending: you call that name; everybody else calls it flame.","boastful, overconfident, all-talk-no-action","confident, proud, accomplished, self-assured, bold, ambitious, driven, proactive"
"with all that swagger, your whole routine screams spark, but your finish whispers dark.","boastful, overconfident","confident, proud, accomplished, self-assured, bold"
"all confidence, no evidence: your confidence says wise, your comeback says rise.","boastful, overconfident, all-talk-no-action, weak debater, bad at comebacks","confident, proud, accomplished, self-assured, bold, ambitious, driven, proactive, logical, persuasive, articulate, witty, quick-witted, good at comebacks"
"all confidence, no evidence: you keep reaching for fire, but keep falling into tire.","boastful, overconfident, all-talk-no-action, weak debater","confident, proud, accomplished, self-assured, bold, ambitious, driven, proactive, logical, persuasive, articulate"
"you keep on selling light,
but facts keep dragging you to night.
you pose like every word is gold,
then tell the same joke twice as old.","boastful, overconfident, weak debater, unfunny","confident, proud, accomplished, self-assured, bold, logical, persuasive, articulate, funny, humorous, witty"
"for someone so certain, your ego wants crown, your effort says down.","boastful, overconfident, self-important, all-talk-no-action","confident, proud, accomplished, self-assured, bold, leader, authoritative, influential, ambitious, driven, proactive"
"for someone so certain, you entered chasing clout, then exited avoiding out.","boastful, overconfident, attention-seeking","confident, proud, accomplished, self-assured, bold, charismatic, outgoing, popular"
"you talk like the night owes you light,
like every weak take deserves a fight.
but when the facts step into sight,
your whole brave speech takes sudden flight.","boastful, overconfident, weak debater","brave, resilient, confident, proud, accomplished, self-assured, bold, logical, persuasive, articulate"
"you came dressed in flair, but your best comeback vanished in air.",bad at comebacks,"witty, quick-witted, good at comebacks"
"you swear you're iconic, you dress every thought in tone, then lose it in the stone.","boastful, overconfident","confident, proud, accomplished, self-assured, bold"
"big entrance, small ending: your whole routine screams spark, but your finish whispers dark.","boastful, overconfident, all-talk-no-action","confident, proud, accomplished, self-assured, bold, ambitious, driven, proactive"
"all confidence, no evidence: your ego wants wave, your effort says brave.","boastful, overconfident, all-talk-no-action, weak debater","brave, resilient, confident, proud, accomplished, self-assured, bold, ambitious, driven, proactive, logical, persuasive, articulate"
"you came in dressed for light,
but every line dissolved by night.
you aimed to leave the room impressed,
then made your silence sound the best.",all-talk-no-action,"ambitious, driven, proactive"
"you came for the score, but vanished by floor.",all-talk-no-action,"ambitious, driven, proactive"
"big entrance, small ending: all that light in your voice, still nothing in the night.","boastful, overconfident, all-talk-no-action","confident, proud, accomplished, self-assured, bold, ambitious, driven, proactive"
"you talk like a legend, you aimed for wise, missed wide, and landed at rise.","boastful, overconfident, self-important","confident, proud, accomplished, self-assured, bold, leader, authoritative, influential"
"big entrance, small ending: you call that beat; everybody else calls it street.","boastful, overconfident, all-talk-no-action","confident, proud, accomplished, self-assured, bold, ambitious, driven, proactive"
"for someone so certain, you dress every thought in crown, then lose it in the down.","boastful, overconfident, self-important","confident, proud, accomplished, self-assured, bold, leader, authoritative, influential"
"you flex like a champion, you dress every thought in score, then lose it in the floor.","boastful, overconfident","confident, proud, accomplished, self-assured, bold"
"you move like a mastermind, your whole routine screams loud, but your finish whispers crowd.",attention-seeking,"charismatic, outgoing, popular"
"for someone so certain, you call that beat; everybody else calls it street.","boastful, overconfident","confident, proud, accomplished, self-assured, bold"
"you swear you're the scene, polished and clean,
but every fresh line sounds suspiciously seen.
you pose like a king on a bargain-screen green,
while your punchlines buffer somewhere in between.","boastful, overconfident, self-important, bad at comebacks","confident, proud, accomplished, self-assured, bold, leader, authoritative, influential, witty, quick-witted, good at comebacks"
"your ego wants crown, your effort says down.","boastful, overconfident, self-important, all-talk-no-action","confident, proud, accomplished, self-assured, bold, leader, authoritative, influential, ambitious, driven, proactive"
"you keep reaching for clout, but keep falling into out.",attention-seeking,"charismatic, outgoing, popular"
"with all that swagger, you borrow the claim, then return it looking like frame.","boastful, overconfident, inauthentic","confident, proud, accomplished, self-assured, bold, authentic, genuine, original"
"big entrance, small ending: your whole routine screams glow, but your finish whispers show.","boastful, overconfident, image-conscious, all-talk-no-action","confident, proud, accomplished, self-assured, bold, stylish, fashionable, well-presented, ambitious, driven, proactive"
"you show off that style, but your substance left about a mile.",image-conscious,"stylish, fashionable, well-presented"
"you reached for the score, kicked open the door,
then watched your own logic slide onto the floor.
you begged for one encore, then asked us for four,
but nobody ordered what you're serving anymore.",weak debater,"logical, persuasive, articulate"
"you brag about your charm, but even silence sets off the alarm.","boastful, overconfident","confident, proud, accomplished, self-assured, bold"
"with all that swagger, your whole routine screams fire, but your finish whispers tire.","boastful, overconfident","confident, proud, accomplished, self-assured, bold"
"you polish your image, you brought fake name, then folded on cue by flame.","inauthentic, easily intimidated","authentic, genuine, original, brave, fearless, assertive"
"all confidence, no evidence: you aimed for tone, missed wide, and landed at stone.","boastful, overconfident, all-talk-no-action, weak debater","confident, proud, accomplished, self-assured, bold, ambitious, driven, proactive, logical, persuasive, articulate"
"you sell yourself as clout, but your receipts read out.",attention-seeking,"charismatic, outgoing, popular"
"big entrance, small ending: your confidence says prime, your comeback says rhyme.","boastful, overconfident, all-talk-no-action, bad at comebacks","confident, proud, accomplished, self-assured, bold, ambitious, driven, proactive, witty, quick-witted, good at comebacks"
"you walk in with swagger, you keep reaching for light, but keep falling into night.","boastful, overconfident","confident, proud, accomplished, self-assured, bold"
"all confidence, no evidence: you entered chasing roar, then exited avoiding door.","boastful, overconfident, all-talk-no-action, weak debater","confident, proud, accomplished, self-assured, bold, ambitious, driven, proactive, logical, persuasive, articulate"
"with all that swagger, you dress every thought in scene, then lose it in the clean.","boastful, overconfident","confident, proud, accomplished, self-assured, bold"
"you threw all that shade like a star on parade,
then watched every insult you borrowed just fade.
you sharpened your image and polished the blade,
but forgot that a point still has to be made.","self-important, inauthentic, weak debater","leader, authoritative, influential, authentic, genuine, original, logical, persuasive, articulate"
"you pose like a genius, you brought fake tone, then folded on cue by stone.","boastful, overconfident, self-important, inauthentic, know-it-all, easily intimidated","confident, proud, accomplished, self-assured, bold, leader, authoritative, influential, authentic, genuine, original, smart, knowledgeable, intelligent"
"with all that swagger, you aimed for game, missed wide, and landed at same.","boastful, overconfident","confident, proud, accomplished, self-assured, bold"
"big talk: you keep on selling charm,
but facts keep dragging you to alarm.
you pose like every word is gold,
then tell the same joke twice as old.","boastful, overconfident, weak debater, unfunny","confident, proud, accomplished, self-assured, bold, logical, persuasive, articulate, funny, humorous, witty"
"with all that swagger, you aimed for flair, missed wide, and landed at air.","boastful, overconfident","confident, proud, accomplished, self-assured, bold"
"you said your style was claim,
yet somehow landed close to frame.
you built the hype from floor to roof,
then forgot to bring a shred of proof.","image-conscious, all-talk-no-action, weak debater","stylish, fashionable, well-presented, ambitious, driven, proactive, logical, persuasive, articulate"
"you call yourself brave whenever you wave,
but panic the second a real point won't cave.
you want to look bold, independent, and grave,
then hide behind jokes that your own drafts can't save.","boastful, overconfident, weak debater, easily intimidated","brave, resilient, confident, proud, accomplished, self-assured, bold, logical, persuasive, articulate, fearless, assertive"
"you brag like a headline, your whole routine screams beat, but your finish whispers street.","boastful, overconfident, know-it-all","confident, proud, accomplished, self-assured, bold, smart, knowledgeable, intelligent"
"no surprise: you promised everybody fire,
then froze the second came the tire.
your ego sprinted out in front,
your actual point forgot the stunt.","boastful, overconfident, all-talk-no-action, weak debater","confident, proud, accomplished, self-assured, bold, ambitious, driven, proactive, logical, persuasive, articulate"
"you speak in a tone carved heavy as stone,
like wisdom was shipped to your phone.
but when you're alone with the facts you've outgrown,
even your confidence leaves you on hold tone.","weak debater, know-it-all","logical, persuasive, articulate, smart, knowledgeable, intelligent"
"big entrance, small ending: you entered chasing beat, then exited avoiding street.","boastful, overconfident, all-talk-no-action","confident, proud, accomplished, self-assured, bold, ambitious, driven, proactive"
"with all that swagger, you brought fake spark, then folded on cue by dark.","boastful, overconfident, inauthentic, easily intimidated","confident, proud, accomplished, self-assured, bold, authentic, genuine, original, brave, fearless, assertive"
"with all that swagger, you chase the crown, then trip before the down.","boastful, overconfident, self-important, clumsy","confident, proud, accomplished, self-assured, bold, leader, authoritative, influential, coordinated, graceful, dexterous"
you promised pure bright; the room got secondhand fight.,all-talk-no-action,"ambitious, driven, proactive"
"you entered chasing grace, then exited avoiding place.",all-talk-no-action,"ambitious, driven, proactive"
"big entrance, small ending: your confidence says shade, your comeback says fade.","boastful, overconfident, all-talk-no-action, bad at comebacks","confident, proud, accomplished, self-assured, bold, ambitious, driven, proactive, witty, quick-witted, good at comebacks"
"big entrance, small ending: your whole routine screams light, but your finish whispers night.","boastful, overconfident, all-talk-no-action","confident, proud, accomplished, self-assured, bold, ambitious, driven, proactive"
"big talk: you said your style was wise,
yet somehow landed close to rise.
you built the hype from floor to roof,
then forgot to bring a shred of proof.","boastful, overconfident, image-conscious, all-talk-no-action, weak debater","confident, proud, accomplished, self-assured, bold, stylish, fashionable, well-presented, ambitious, driven, proactive, logical, persuasive, articulate"
"with all that swagger, you brought fake wise, then folded on cue by rise.","boastful, overconfident, inauthentic, easily intimidated","confident, proud, accomplished, self-assured, bold, authentic, genuine, original, brave, fearless, assertive"
"with all that swagger, your confidence says light, your comeback says night.","boastful, overconfident, bad at comebacks","confident, proud, accomplished, self-assured, bold, witty, quick-witted, good at comebacks"
"with all that swagger, you sell yourself as shade, but your receipts read fade.","boastful, overconfident","confident, proud, accomplished, self-assured, bold"
"you say you own the night, but your punchlines keep losing to the light.",bad at comebacks,"witty, quick-witted, good at comebacks"
"you keep on selling loud,
but facts keep dragging you to crowd.
you pose like every word is gold,
then tell the same joke twice as old.","boastful, overconfident, attention-seeking, weak debater, unfunny","confident, proud, accomplished, self-assured, bold, charismatic, outgoing, popular, logical, persuasive, articulate, funny, humorous, witty"
"you borrow the score, then return it looking like floor.",inauthentic,"authentic, genuine, original"
"big entrance, small ending: all that cool in your voice, still nothing in the fool.","boastful, overconfident, all-talk-no-action","confident, proud, accomplished, self-assured, bold, ambitious, driven, proactive"
"you act hard to beat, but your confidence keeps tripping over its own feet.",clumsy,"coordinated, graceful, dexterous"
"for someone so certain, you borrow the tone, then return it looking like stone.","boastful, overconfident, inauthentic","confident, proud, accomplished, self-assured, bold, authentic, genuine, original"
"you move like a mastermind, you dress every thought in flow, then lose it in the low.",all-talk-no-action,"ambitious, driven, proactive"
"with all that swagger, your confidence says tone, your comeback says stone.","boastful, overconfident, bad at comebacks","confident, proud, accomplished, self-assured, bold, witty, quick-witted, good at comebacks"
"for someone so certain, you brought fake charm, then folded on cue by alarm.","boastful, overconfident, inauthentic, easily intimidated","confident, proud, accomplished, self-assured, bold, authentic, genuine, original, brave, fearless, assertive"
"for someone so certain, you promised pure name; the room got secondhand flame.","boastful, overconfident","confident, proud, accomplished, self-assured, bold"
"you sell every sentence, you borrow the roar, then return it looking like door.",inauthentic,"authentic, genuine, original"
"no surprise: you came in dressed for score,
but every line dissolved by floor.
you aimed to leave the room impressed,
then made your silence sound the best.",all-talk-no-action,"ambitious, driven, proactive"
"no surprise: you keep on selling class,
but facts keep dragging you to glass.
you pose like every word is gold,
then tell the same joke twice as old.","boastful, overconfident, weak debater, unfunny","confident, proud, accomplished, self-assured, bold, logical, persuasive, articulate, funny, humorous, witty"
"you sell yourself as score, but your receipts read floor.",all-talk-no-action,"ambitious, driven, proactive"
"you said you were fire, climbing higher and higher,
then your punchline rolled in on a flat little tire.
you reached for the throne with a confident sound,
then tripped on your ego and fell back down.","boastful, overconfident, bad at comebacks, clumsy, fitness-obsessed","confident, proud, accomplished, self-assured, bold, witty, quick-witted, good at comebacks, coordinated, graceful, dexterous, fit, athletic, disciplined"
"you show up so certain, you borrow the crown, then return it looking like down.","boastful, overconfident, self-important, inauthentic","confident, proud, accomplished, self-assured, bold, leader, authoritative, influential, authentic, genuine, original"
"you walked in chasing clout,
then lost your nerve before the out.
you raised your voice to win the fight,
but volume never made you right.","attention-seeking, weak debater, easily intimidated, hot-tempered","charismatic, outgoing, popular, logical, persuasive, articulate, brave, fearless, assertive, calm, patient, level-headed, passionate, strong-willed"
"you promised everybody score,
then froze the second came the floor.
your ego sprinted out in front,
your actual point forgot the stunt.","boastful, overconfident, all-talk-no-action, weak debater","confident, proud, accomplished, self-assured, bold, ambitious, driven, proactive, logical, persuasive, articulate"
"you talk like a legend, you borrow the wise, then return it looking like rise.","boastful, overconfident, self-important, inauthentic","confident, proud, accomplished, self-assured, bold, leader, authoritative, influential, authentic, genuine, original"
"you claim every win is fate, but your best excuse is running late.","poor time management, excuse-maker","punctual, organized, good at time management, accountable, responsible, dependable"
"you entered the race with pace, then got lapped by your own shoelace.",all-talk-no-action,"ambitious, driven, proactive"
"you sell every line as prime, but the ending can't even find the rhyme.",underperforming,"talented, capable, high-achieving"
"you called your style rare with impossible flair,
then copied the vibe like nobody would care.
you floated on air with that confident stare,
but originality never actually got there.","image-conscious, inauthentic","stylish, fashionable, well-presented, authentic, genuine, original"
"your ego wants bright, your effort says fight.","boastful, overconfident, all-talk-no-action","confident, proud, accomplished, self-assured, bold, ambitious, driven, proactive"
"all confidence, no evidence: you sell yourself as flair, but your receipts read air.","boastful, overconfident, all-talk-no-action, weak debater","confident, proud, accomplished, self-assured, bold, ambitious, driven, proactive, logical, persuasive, articulate"
"you carry that ego, you brought fake wise, then folded on cue by rise.","inauthentic, easily intimidated","authentic, genuine, original, brave, fearless, assertive"
"you carry that ego, you sell yourself as style, but your receipts read mile.",image-conscious,"stylish, fashionable, well-presented"
"you keep reaching for fire, but keep falling into tire.",underperforming,"talented, capable, high-achieving"
"you walked in chasing shade,
then lost your nerve before the fade.
you raised your voice to win the fight,
but volume never made you right.","weak debater, easily intimidated, hot-tempered","logical, persuasive, articulate, brave, fearless, assertive, calm, patient, level-headed, passionate, strong-willed"
"with all that swagger, you chase the scene, then trip before the clean.","boastful, overconfident, clumsy","confident, proud, accomplished, self-assured, bold, coordinated, graceful, dexterous"
"with all that swagger, your ego wants bright, your effort says fight.","boastful, overconfident, all-talk-no-action","confident, proud, accomplished, self-assured, bold, ambitious, driven, proactive"
"you keep on selling flair,
but facts keep dragging you to air.
you pose like every word is gold,
then tell the same joke twice as old.","boastful, overconfident, weak debater, unfunny","confident, proud, accomplished, self-assured, bold, logical, persuasive, articulate, funny, humorous, witty"
"with all that swagger, you promised pure track; the room got secondhand back.","boastful, overconfident","confident, proud, accomplished, self-assured, bold"
"all confidence, no evidence: you aimed for bright, missed wide, and landed at fight.","boastful, overconfident, all-talk-no-action, weak debater","confident, proud, accomplished, self-assured, bold, ambitious, driven, proactive, logical, persuasive, articulate"
"with all that swagger, all that spark in your voice, still nothing in the dark.","boastful, overconfident","confident, proud, accomplished, self-assured, bold"
"you call it a track, but every bar keeps asking for its rhythm back.",music-obsessed,"music lover, musical, musician"
"for someone so certain, your confidence says class, your comeback says glass.","boastful, overconfident, bad at comebacks","confident, proud, accomplished, self-assured, bold, witty, quick-witted, good at comebacks"
"all confidence, no evidence: you entered chasing bright, then exited avoiding fight.","boastful, overconfident, all-talk-no-action, weak debater","confident, proud, accomplished, self-assured, bold, ambitious, driven, proactive, logical, persuasive, articulate"
"you came for the score, then your argument slipped through the floor.","weak debater, clumsy","logical, persuasive, articulate, coordinated, graceful, dexterous"
"you want the bright spotlight, but your best material still ducks the fight.","attention-seeking, all-talk-no-action","charismatic, outgoing, popular, ambitious, driven, proactive"
"your ego wants tone, your effort says stone.","boastful, overconfident, all-talk-no-action","confident, proud, accomplished, self-assured, bold, ambitious, driven, proactive"
"you chase all the clout till your good sense walks out,
then shout at the room like the shouting will count.
you call every doubt just a hater's route,
but your own empty punchline is begging you out.","attention-seeking, bad at comebacks, hot-tempered","charismatic, outgoing, popular, witty, quick-witted, good at comebacks, calm, patient, level-headed, passionate, strong-willed"
"you said you had heat and could never be beat,
then your comeback got tired and asked for a seat.
you stomped both your feet and repeated the feat,
now the room only claps when you finally retreat.",bad at comebacks,"witty, quick-witted, good at comebacks"
"big talk: you walked in chasing fire,
then lost your nerve before the tire.
you raised your voice to win the fight,
but volume never made you right.","boastful, overconfident, weak debater, easily intimidated, hot-tempered","confident, proud, accomplished, self-assured, bold, logical, persuasive, articulate, brave, fearless, assertive, calm, patient, level-headed"
"for someone so certain, your ego wants tone, your effort says stone.","boastful, overconfident, all-talk-no-action","confident, proud, accomplished, self-assured, bold, ambitious, driven, proactive"
"you claimed you were prime with immaculate rhyme,
then borrowed three punchlines and wasted our time.
you reached for sublime but landed on mime,
now even your pauses are serving a crime.","inauthentic, bad at comebacks","authentic, genuine, original, witty, quick-witted, good at comebacks"
"all confidence, no evidence: you keep reaching for score, but keep falling into floor.","boastful, overconfident, all-talk-no-action, weak debater","confident, proud, accomplished, self-assured, bold, ambitious, driven, proactive, logical, persuasive, articulate"
"big entrance, small ending: all that flair in your voice, still nothing in the air.","boastful, overconfident, all-talk-no-action","confident, proud, accomplished, self-assured, bold, ambitious, driven, proactive"
"big entrance, small ending: you brought fake prime, then folded on cue by rhyme.","boastful, overconfident, inauthentic, all-talk-no-action, easily intimidated","confident, proud, accomplished, self-assured, bold, authentic, genuine, original, ambitious, driven, proactive, brave, fearless, assertive"
"you hype every game, but all your moves somehow look the same.",all-talk-no-action,"ambitious, driven, proactive"
"with all that swagger, your whole routine screams prime, but your finish whispers rhyme.","boastful, overconfident","confident, proud, accomplished, self-assured, bold"
"big entrance, small ending: you keep reaching for fire, but keep falling into tire.","boastful, overconfident, all-talk-no-action","confident, proud, accomplished, self-assured, bold, ambitious, driven, proactive"
"you act like a boss, you brought fake scene, then folded on cue by clean.","boastful, overconfident, inauthentic, easily intimidated","confident, proud, accomplished, self-assured, bold, authentic, genuine, original, brave, fearless, assertive"
"with all that swagger, you dress every thought in bright, then lose it in the fight.","boastful, overconfident","confident, proud, accomplished, self-assured, bold"
"you claim you're the scene, but your whole routine needs a deep clean.","boastful, overconfident","confident, proud, accomplished, self-assured, bold"
"you carry that ego, you aimed for class, missed wide, and landed at glass.",underperforming,"talented, capable, high-achieving"
"all confidence, no evidence: you keep reaching for class, but keep falling into glass.","boastful, overconfident, all-talk-no-action, weak debater","confident, proud, accomplished, self-assured, bold, ambitious, driven, proactive, logical, persuasive, articulate"
"all confidence, no evidence: you call that flow; everybody else calls it low.","boastful, overconfident, all-talk-no-action, weak debater","confident, proud, accomplished, self-assured, bold, ambitious, driven, proactive, logical, persuasive, articulate"
"you stepped to the beat with your shoes in the street,
then stumbled so hard that the rhythm took a seat.
you called it unique, you called it elite,
but even the metronome filed a defeat.","self-important, clumsy, music-obsessed","leader, authoritative, influential, coordinated, graceful, dexterous, music lover, musical, musician"
"big entrance, small ending: you promised pure claim; the room got secondhand frame.","boastful, overconfident, all-talk-no-action","confident, proud, accomplished, self-assured, bold, ambitious, driven, proactive"
"for someone so certain, your confidence says grace, your comeback says place.","boastful, overconfident, bad at comebacks","confident, proud, accomplished, self-assured, bold, witty, quick-witted, good at comebacks"
"with all that swagger, you chase the game, then trip before the same.","boastful, overconfident, clumsy","confident, proud, accomplished, self-assured, bold, coordinated, graceful, dexterous"
"with all that swagger, you chase the heat, then trip before the seat.","boastful, overconfident, clumsy","confident, proud, accomplished, self-assured, bold, coordinated, graceful, dexterous"
"you roll in dramatic, you brought fake glow, then folded on cue by show.","image-conscious, inauthentic, easily intimidated","stylish, fashionable, well-presented, authentic, genuine, original, brave, fearless, assertive"
"you flex like you're rare, but your whole personality came with standard-issue flair.","boastful, overconfident","confident, proud, accomplished, self-assured, bold"
"all that scene in your voice, still nothing in the clean.",underperforming,"talented, capable, high-achieving"
"you brought fake grace, then folded on cue by place.","inauthentic, easily intimidated","authentic, genuine, original, brave, fearless, assertive"
"you swear you're the spark, but your best idea needs a flashlight in the dark.","boastful, overconfident","confident, proud, accomplished, self-assured, bold"
"you aimed for shade, missed wide, and landed at fade.",underperforming,"talented, capable, high-achieving"
"all confidence, no evidence: all that loud in your voice, still nothing in the crowd.","boastful, overconfident, attention-seeking, all-talk-no-action, weak debater","confident, proud, accomplished, self-assured, bold, charismatic, outgoing, popular, ambitious, driven, proactive, logical, persuasive, articulate"
"big entrance, small ending: you chase the heat, then trip before the seat.","boastful, overconfident, all-talk-no-action, clumsy","confident, proud, accomplished, self-assured, bold, ambitious, driven, proactive, coordinated, graceful, dexterous"
"you enter like thunder, all that loud in your voice, still nothing in the crowd.",attention-seeking,"charismatic, outgoing, popular"
"big talk: you keep on selling grace,
but facts keep dragging you to place.
you pose like every word is gold,
then tell the same joke twice as old.","boastful, overconfident, weak debater, unfunny","confident, proud, accomplished, self-assured, bold, logical, persuasive, articulate, funny, humorous, witty"
"with all that swagger, you borrow the beat, then return it looking like street.","boastful, overconfident, inauthentic, music-obsessed","confident, proud, accomplished, self-assured, bold, authentic, genuine, original, music lover, musical, musician"
"you keep on selling style,
but facts keep dragging you to mile.
you pose like every word is gold,
then tell the same joke twice as old.","boastful, overconfident, image-conscious, weak debater, unfunny","confident, proud, accomplished, self-assured, bold, stylish, fashionable, well-presented, logical, persuasive, articulate, funny, humorous, witty"
"you pose like a genius, you sell yourself as style, but your receipts read mile.","boastful, overconfident, self-important, image-conscious, know-it-all","confident, proud, accomplished, self-assured, bold, leader, authoritative, influential, stylish, fashionable, well-presented, smart, knowledgeable, intelligent"
"you act cinematic, your whole routine screams game, but your finish whispers same.",all-talk-no-action,"ambitious, driven, proactive"
"you show up so certain, you brought fake name, then folded on cue by flame.","boastful, overconfident, inauthentic, easily intimidated","confident, proud, accomplished, self-assured, bold, authentic, genuine, original, brave, fearless, assertive"
"you brag you're ahead in the race, but your thoughts are still tying their lace.","boastful, overconfident","confident, proud, accomplished, self-assured, bold"
"you pose like a genius, all that pace in your voice, still nothing in the race.","boastful, overconfident, self-important, know-it-all","confident, proud, accomplished, self-assured, bold, leader, authoritative, influential, smart, knowledgeable, intelligent"
"you came with a spark and a speech for the dark,
then missed every target despite all the bark.
you swore you were sharp, you swore you'd leave a mark,
but your best little burn barely lit up the park.",hot-tempered,"calm, patient, level-headed, passionate, strong-willed"
"all confidence, no evidence: you sell yourself as spark, but your receipts read dark.","boastful, overconfident, all-talk-no-action, weak debater","confident, proud, accomplished, self-assured, bold, ambitious, driven, proactive, logical, persuasive, articulate"
you call that flow; everybody else calls it low.,all-talk-no-action,"ambitious, driven, proactive"
"no surprise: you walked in chasing loud,
then lost your nerve before the crowd.
you raised your voice to win the fight,
but volume never made you right.","attention-seeking, weak debater, easily intimidated, hot-tempered","charismatic, outgoing, popular, logical, persuasive, articulate, brave, fearless, assertive, calm, patient, level-headed, passionate, strong-willed"
"no surprise: you said your style was name,
yet somehow landed close to flame.
you built the hype from floor to roof,
then forgot to bring a shred of proof.","image-conscious, all-talk-no-action, weak debater","stylish, fashionable, well-presented, ambitious, driven, proactive, logical, persuasive, articulate"
"with all that swagger, you brought fake clout, then folded on cue by out.","boastful, overconfident, attention-seeking, inauthentic, easily intimidated","confident, proud, accomplished, self-assured, bold, charismatic, outgoing, popular, authentic, genuine, original, brave, fearless, assertive"
"your ego brings fire, your material brings a flat tire.","boastful, overconfident","confident, proud, accomplished, self-assured, bold"
"you pose with grace, but your argument still can't find its place.",weak debater,"logical, persuasive, articulate"
"no surprise: you keep on selling light,
but facts keep dragging you to night.
you pose like every word is gold,
then tell the same joke twice as old.","boastful, overconfident, weak debater, unfunny","confident, proud, accomplished, self-assured, bold, logical, persuasive, articulate, funny, humorous, witty"
"for someone so certain, you came for the claim, but vanished by frame.","boastful, overconfident","confident, proud, accomplished, self-assured, bold"
"you brought fake flow, then folded on cue by low.","inauthentic, easily intimidated","authentic, genuine, original, brave, fearless, assertive"
"all that charm in your voice, still nothing in the alarm.",underperforming,"talented, capable, high-achieving"
"you keep on selling crown,
but facts keep dragging you to down.
you pose like every word is gold,
then tell the same joke twice as old.","boastful, overconfident, self-important, weak debater, unfunny","confident, proud, accomplished, self-assured, bold, leader, authoritative, influential, logical, persuasive, articulate, funny, humorous, witty"
"you keep reaching for cool, but keep falling into fool.",underperforming,"talented, capable, high-achieving"
"all confidence, no evidence: you borrow the shade, then return it looking like fade.","boastful, overconfident, inauthentic, all-talk-no-action, weak debater","confident, proud, accomplished, self-assured, bold, authentic, genuine, original, ambitious, driven, proactive, logical, persuasive, articulate"
"with all that swagger, you dress every thought in cool, then lose it in the fool.","boastful, overconfident","confident, proud, accomplished, self-assured, bold"
"no surprise: you came in dressed for flair,
but every line dissolved by air.
you aimed to leave the room impressed,
then made your silence sound the best.",all-talk-no-action,"ambitious, driven, proactive"
"your whole routine screams heat, but your finish whispers seat.",all-talk-no-action,"ambitious, driven, proactive"
"you roll in dramatic, you promised pure loud; the room got secondhand crowd.",attention-seeking,"charismatic, outgoing, popular"
"all confidence, no evidence: you keep reaching for roar, but keep falling into door.","boastful, overconfident, all-talk-no-action, weak debater","confident, proud, accomplished, self-assured, bold, ambitious, driven, proactive, logical, persuasive, articulate"
"all confidence, no evidence: you promised pure light; the room got secondhand night.","boastful, overconfident, all-talk-no-action, weak debater","confident, proud, accomplished, self-assured, bold, ambitious, driven, proactive, logical, persuasive, articulate"
"you chase applause and fame, but every recycled line still sounds the same.",attention-seeking,"charismatic, outgoing, popular"
"you promised everybody bright,
then froze the second came the fight.
your ego sprinted out in front,
your actual point forgot the stunt.","boastful, overconfident, all-talk-no-action, weak debater","confident, proud, accomplished, self-assured, bold, ambitious, driven, proactive, logical, persuasive, articulate"
"for someone so certain, your whole routine screams prime, but your finish whispers rhyme.","boastful, overconfident","confident, proud, accomplished, self-assured, bold"
"for someone so certain, you promised pure tone; the room got secondhand stone.","boastful, overconfident","confident, proud, accomplished, self-assured, bold"
"you entered chasing wave, then exited avoiding brave.",all-talk-no-action,"brave, resilient, ambitious, driven, proactive"
"with all that swagger, you brought fake tone, then folded on cue by stone.","boastful, overconfident, inauthentic, easily intimidated","confident, proud, accomplished, self-assured, bold, authentic, genuine, original, brave, fearless, assertive"
"with all that swagger, you keep reaching for track, but keep falling into back.","boastful, overconfident","confident, proud, accomplished, self-assured, bold"
"with all that swagger, you brought fake score, then folded on cue by floor.","boastful, overconfident, inauthentic, easily intimidated","confident, proud, accomplished, self-assured, bold, authentic, genuine, original, brave, fearless, assertive"
"all that glow in your voice, still nothing in the show.","image-conscious, all-talk-no-action","stylish, fashionable, well-presented, ambitious, driven, proactive"
"all confidence, no evidence: all that class in your voice, still nothing in the glass.","boastful, overconfident, all-talk-no-action, weak debater","confident, proud, accomplished, self-assured, bold, ambitious, driven, proactive, logical, persuasive, articulate"
"all confidence, no evidence: you promised pure heat; the room got secondhand seat.","boastful, overconfident, all-talk-no-action, weak debater","confident, proud, accomplished, self-assured, bold, ambitious, driven, proactive, logical, persuasive, articulate"
"you pose like a genius, your confidence says bright, your comeback says fight.","boastful, overconfident, self-important, bad at comebacks, know-it-all","confident, proud, accomplished, self-assured, bold, leader, authoritative, influential, witty, quick-witted, good at comebacks, smart, knowledgeable, intelligent"
"you keep on selling class,
but facts keep dragging you to glass.
you pose like every word is gold,
then tell the same joke twice as old.","boastful, overconfident, weak debater, unfunny","confident, proud, accomplished, self-assured, bold, logical, persuasive, articulate, funny, humorous, witty"
"big talk: you walked in chasing cool,
then lost your nerve before the fool.
you raised your voice to win the fight,
but volume never made you right.","boastful, overconfident, weak debater, easily intimidated, hot-tempered","confident, proud, accomplished, self-assured, bold, logical, persuasive, articulate, brave, fearless, assertive, calm, patient, level-headed"
"you boast like a king, you chase the prime, then trip before the rhyme.","boastful, overconfident, self-important, clumsy","confident, proud, accomplished, self-assured, bold, leader, authoritative, influential, coordinated, graceful, dexterous"
"for someone so certain, your whole routine screams class, but your finish whispers glass.","boastful, overconfident","confident, proud, accomplished, self-assured, bold"
"you arrive with a roar, then your argument quietly exits through the door.",weak debater,"logical, persuasive, articulate"
"all confidence, no evidence: all that glow in your voice, still nothing in the show.","boastful, overconfident, image-conscious, all-talk-no-action, weak debater","confident, proud, accomplished, self-assured, bold, stylish, fashionable, well-presented, ambitious, driven, proactive, logical, persuasive, articulate"
"big entrance, small ending: your whole routine screams clout, but your finish whispers out.",attention-seeking,"charismatic, outgoing, popular"
"you step in the spot with a crown on your mind,
but leave every ounce of your logic behind.","self-important, weak debater","leader, authoritative, influential, logical, persuasive, articulate"
"you boast about power and posture so grand,
then slip on the floor like you're standing on sand.","boastful, overconfident, clumsy","confident, proud, accomplished, self-assured, bold, coordinated, graceful, dexterous"
"you claim you're a menace, a threat to the game,
while nobody here even knows your real name.","overconfident, attention-seeking","confident, self-assured, bold, charismatic, outgoing, popular"
"you talk about hustle from morning to night,
while running away at the thought of a fight.","all-talk-no-action, easily intimidated","productive, hardworking, ambitious, driven, proactive, brave, fearless, assertive"
"your punchlines are heavy, your rhythm is slow,
you bring zero spark to the rest of the show.","bad at comebacks, music-obsessed, poor musician","witty, quick-witted, good at comebacks, music lover, musical, musician, talented musician, good singer"
"you strut like a legend who conquered the town,
then watch your whole argument turn upside down.","boastful, weak debater","confident, proud, accomplished, logical, persuasive, articulate"
"you bought all the style that your money could buy,
to cover the fact that your talent's a lie.","image-conscious, weak debater","stylish, fashionable, well-presented, logical, persuasive, articulate"
"you talk a big fight like you're built out of stone,
then freeze up the second you stand on your own.",easily intimidated,"brave, fearless, assertive"
"you promised a storm that would rattle the stage,
and barely delivered a turn of the page.",all-talk-no-action,"ambitious, driven, proactive"
"your ego is soaring high up in the sky,
while all of your substance just floated right by.",boastful,"confident, proud, accomplished"
"you claim to be sharp as a razor-thin blade,
while watching your temporary popularity fade.",overconfident,"confident, self-assured, bold"
"you flex for the camera and pose for the crowd,
with cheap artificial reactions real loud.",boastful,"confident, proud, accomplished"
"you walked in the room with a boast and a flex,
claiming you're next on a whole 'nother level.","boastful, overconfident","confident, proud, accomplished, self-assured, bold"
"you hype up your name till it fills up the space,
then stumble and trip while you're tying your lace.","boastful, clumsy","confident, proud, accomplished, coordinated, graceful, dexterous"
"you spent forty minutes preparing a point,
and somehow succeeded in wrecking the joint.",weak debater,"logical, persuasive, articulate"
"you copied the swag, you copied the flow,
then wondered why nobody came to your show.",inauthentic,"authentic, genuine, original"
"you wanted the crown without paying the dues,
now you're standing alone in secondhand shoes.","self-important, socially isolated","leader, authoritative, influential, social, well-connected, popular"
"you talk about vision and seeing the end,
when you can't even see round the very next bend.",poor planner,"visionary, strategic, organized, good planner"
"you brag about wealth that you haven't yet earned,
while ignoring the lessons that you should have learned.","boastful, status-conscious","confident, proud, accomplished, successful, fashionable, high-status"
"your bars are so basic they belong in a book,
for toddlers who learn how to spell and to look.",music-obsessed,"music lover, musical, musician"
"you posture like iron, unbreakable force,
then stray off the path and get lost on the course.","overconfident, poor sense of direction","confident, self-assured, bold, good sense of direction, well-oriented, adventurous"
"you claim you're a threat to the rest of the crew,
when the only person you sabotage is you.",overconfident,"confident, self-assured, bold"
"your comeback was weak, your delivery flat,
you came in a lion and left like a cat.",bad at comebacks,"witty, quick-witted, good at comebacks"
"you try to play villain and act so severe,
but nobody's intimidated, nobody's in fear.","overconfident, poser","confident, self-assured, bold, authentic, genuine, original"
"you act like the main character everywhere you go,
while playing background noise in your own show.",self-important,"leader, authoritative, influential"
"your story has plot holes from start to the end,
and not even your mirror would call you a friend.",image-conscious,"stylish, fashionable, well-presented"
"you dress up in armor to look so secure,
while carrying doubts that you cannot endure.",insecure,"confident, secure, self-assured"
"you claim to be king of this entire domain,
when you're barely a pawn in the rest of the game.","overconfident, self-important","confident, self-assured, bold, leader, authoritative, influential"
"your spirit is loud but your talent is small,
you bounce off the floor then crash into the wall.","underperforming, clumsy","talented, capable, high-achieving, coordinated, graceful, dexterous"
"you act like a genius with answers for all,
then stand completely silent when destiny calls.","overconfident, know-it-all","confident, self-assured, bold, smart, knowledgeable, intelligent"
"you pose like a sculpture that's carved out of stone,
then shatter to pieces when left all alone.",boastful,"confident, proud, accomplished"
"your bars are so soft they could melt in the rain,
you offer no pleasure and cause us no pain.",music-obsessed,"music lover, musical, musician"
"you act like a wave that will wash us away,
then dry up completely by mid-afternoon today.",boastful,"confident, proud, accomplished"
"you talk like a maestro directing the band,
while dropping the baton right out of your hand.",clumsy,"coordinated, graceful, dexterous"
"you claim you're original, one of a kind,
with thoughts that were stolen from somebody's mind.","overconfident, inauthentic","confident, self-assured, bold, authentic, genuine, original"
"you posture like royalty sitting on high,
while watching your credibility wave goodbye.",self-important,"leader, authoritative, influential"
"you speak with authority, wisdom, and weight,
then blame your shortcomings on bad luck and fate.","know-it-all, excuse-maker","smart, knowledgeable, intelligent, accountable, responsible, dependable"
"your energy's toxic, your talent is dead,
you live off the hype that is inside your head.","boastful, underperforming","confident, proud, accomplished, talented, capable, high-achieving"
"you posture like steel that can never be bent,
then break from a comment that wasn't even meant.","overconfident, oversensitive","confident, self-assured, bold, emotionally resilient, thick-skinned, composed"
"your legacy's written in pencil and faint,
you act like a sinner while playing a saint.","boastful, inauthentic, hypocritical","confident, proud, accomplished, authentic, genuine, original, principled, consistent, ethical"
"you swagger around with your head in the cloud,
while giving no reason for us to be proud.",boastful,"confident, proud, accomplished"
"you claim you're a prodigy born to excel,
while tripping over words that you struggle to spell.","overconfident, underperforming, clumsy","confident, self-assured, bold, talented, capable, high-achieving, coordinated, graceful, dexterous"
"you pose like a captain commanding the ship,
then drown in a puddle from a tiny little drip.","overconfident, self-important","confident, self-assured, bold, leader, authoritative, influential"
"you brag about clout that you bought with a card,
then act like the journey was endlessly hard.","boastful, attention-seeking","confident, proud, accomplished, charismatic, outgoing, popular"
"you talk like a titan who walks on the earth,
while underdelivering since day of your birth.",boastful,"confident, proud, accomplished"
"you boast of your riches, your gold, and your cash,
while living in clutter and surrounded by trash.","boastful, messy","confident, proud, accomplished, organized, tidy, neat"
"you claim you're a visionary leading the way,
then repeat what somebody else said yesterday.","overconfident, inauthentic","visionary, strategic, confident, self-assured, bold, authentic, genuine, original"
"you posture like thunder that shakes up the ground,
then make not a single believable sound.","boastful, overconfident","confident, proud, accomplished, self-assured, bold"
"your punchlines hit softer than feathers on wool,
you claim to be clever but play like a fool.","overconfident, bad at comebacks","confident, self-assured, bold, witty, quick-witted, good at comebacks"
"you talk about courage when danger is far,
then hide in the backseat inside of your car.",easily intimidated,"brave, resilient, fearless, assertive"
"you act like a scholar with knowledge so grand,
while building your arguments straight on the sand.","know-it-all, bookish","well-read, intellectual, smart, knowledgeable, intelligent, book lover"
"you brag about achievements from decades ago,
because currently you have nothing to show.","boastful, all-talk-no-action, underperforming","confident, proud, accomplished, ambitious, driven, proactive, talented, capable, high-achieving"
"you pose like a champion holding the cup,
then wake from your dream and immediately give up.","overconfident, all-talk-no-action","confident, self-assured, bold, ambitious, driven, proactive"
"you claim to be street-smart, savvy, and slick,
then fall for the oldest and simplest trick.",overconfident,"confident, self-assured, bold"
"you talk like a survivor who made it through hell,
when you stumbled right out of a five-star hotel.",clumsy,"coordinated, graceful, dexterous"
"you swagger and boast of your physical grace,
then manage to trip in a wide open space.","boastful, clumsy","confident, proud, accomplished, coordinated, graceful, dexterous"
"you claim to be deep, a philosopher king,
while adding no value to a single thing.","overconfident, self-important, underperforming, know-it-all, bookish","well-read, intellectual, confident, self-assured, bold, leader, authoritative, influential, talented, capable, high-achieving, smart, knowledgeable, intelligent"
"you pose like a rockstar on top of the charts,
while playing out tunes that are breaking no hearts.","boastful, overconfident, music-obsessed, poor musician","confident, proud, accomplished, self-assured, bold, music lover, musical, musician, talented musician, good singer"
"you talk about honor, respect, and your name,
while cheating your way to the top of the game.","dishonest, hypocritical","trustworthy, loyal, honest, truthful, principled, consistent, ethical"
"you brag about power you'll never possess,
while leaving your life in a total complete mess.","boastful, overconfident","confident, proud, accomplished, self-assured, bold"
"you claim you're a threat to the current regime,
while sleeping away in a fantasy dream.",overconfident,"confident, self-assured, bold"
"you act like a warrior armed for the fight,
then surrender your sword at the very first light.","overconfident, easily intimidated","brave, resilient, confident, self-assured, bold, fearless, assertive"
"you speak of your fortune like you are a king,
while begging for pennies for a plastic ring.",self-important,"leader, authoritative, influential"
"you boast of your speed as you sprint down the lane,
then stop in your tracks at the sight of some rain.","boastful, fitness-obsessed","confident, proud, accomplished, fit, athletic, disciplined"
"you pose like a model on cover of mag,
while carrying all of your stuff in a bag.","boastful, image-conscious","confident, proud, accomplished, stylish, fashionable, well-presented"
"you claim to be sharp as a tactical knife,
while making the dumbest decisions in life.",overconfident,"confident, self-assured, bold"
"your rhymes are so boring they put us to sleep,
your promises cheap that you never could keep.","unreliable, poor follow-through, music-obsessed, poor musician","reliable, dependable, responsible, disciplined, committed, music lover, musical, musician, talented musician, good singer"
"you talk about hustle from morning to night,
while sitting at home and avoiding the light.","all-talk-no-action, lazy","productive, hardworking, ambitious, driven, proactive, energetic"
"you swagger around like you own every block,
then run from the sound of a tick on a clock.","boastful, easily intimidated","confident, proud, accomplished, brave, fearless, assertive"
"you claim to be fearless, ready to bleed,
then panic when faced with a small little need.","overconfident, easily intimidated","brave, resilient, confident, self-assured, bold, fearless, assertive"
"you pose like a mentor with wisdom to give,
while failing to figure out how you should live.",know-it-all,"smart, knowledgeable, intelligent"
"you talk like a prodigy straight out the gate,
then arrive forty minutes extremely too late.","overconfident, poor time management","confident, self-assured, bold, punctual, organized, good at time management"
"your comeback was weak, your argument lost,
you wanted the victory regardless of cost.","weak debater, bad at comebacks","logical, persuasive, articulate, witty, quick-witted, good at comebacks"
"you brag about status and vip access,
while paying for entries with unpaid taxes.","boastful, status-conscious, financially irresponsible","confident, proud, accomplished, successful, fashionable, high-status, financially savvy, good with money, frugal"
"you act like a hurricane blowing through town,
then turn to a breeze when the rain comes on down.","boastful, overconfident","confident, proud, accomplished, self-assured, bold"
"you claim to be untouchable, standing alone,
then cry when nobody picks up on the phone.","overconfident, oversensitive, socially isolated","confident, self-assured, bold, emotionally resilient, thick-skinned, composed, social, well-connected, popular"
"your lyrics are generic, copied, and dry,
you don't even bother to give it a try.","inauthentic, music-obsessed","authentic, genuine, original, music lover, musical, musician"
"you talk about legacy built to endure,
while making decisions that remain insecure.",insecure,"confident, secure, self-assured"
"you swagger like royalty stepping off plane,
then complain about sitting outside in the rain.","boastful, self-important, complainer","confident, proud, accomplished, leader, authoritative, influential, positive, resilient, easygoing"
"you claim you're a legend in all of the clubs,
while hanging around with the rest of the scrub.",overconfident,"confident, self-assured, bold"
"you pose like a fighter who's ready to brawl,
then slip on the floor and collapse in the hall.","boastful, overconfident, clumsy","confident, proud, accomplished, self-assured, bold, coordinated, graceful, dexterous"
"your intellect's shallow, your vision is blurred,
you stumble and stutter on every single word.","poor communicator, clumsy","visionary, strategic, articulate, good communicator, expressive, coordinated, graceful, dexterous"
"you brag about options you have in your hand,
while standing alone on a deserted land.","boastful, socially isolated","confident, proud, accomplished, social, well-connected, popular"
"you act like a master of strategy, chess,
while turning your board to a playable mess.","overconfident, competitive","confident, self-assured, bold, competitive, strategic, driven"
"you claim to bring heat that will melt all the snow,
then freeze in the middle of your very first show.",overconfident,"confident, self-assured, bold"
"your punchlines are missing the humor and bite,
you brought a small candle to light up the night.","bad at comebacks, unfunny","witty, quick-witted, good at comebacks, funny, humorous"
"you talk about fame like it's right at your door,
while sleeping on blankets right down on the floor.",attention-seeking,"charismatic, outgoing, popular"
"you swagger and flex like a bodybuilder grand,
then struggle to carry a bucket of sand.","boastful, underperforming, fitness-obsessed","confident, proud, accomplished, talented, capable, high-achieving, fit, athletic, disciplined"
"you claim you're a genius ahead of your time,
while failing to come up with one single rhyme.","overconfident, know-it-all","confident, self-assured, bold, smart, knowledgeable, intelligent"
"you pose like a boss who commands the whole team,
while living a lie in a virtual dream.","overconfident, self-important","confident, self-assured, bold, leader, authoritative, influential"
"your cadence is awkward, your flow is severe,
the only thing growing is everyone's sneer.","music-obsessed, poor musician","music lover, musical, musician, talented musician, good singer"
"you brag about connections in high-up domains,
while standing outside in the freezing cold rains.",boastful,"confident, proud, accomplished"
"you act like a shadow that lurks in the dark,
then run from the sound of a tiny dog bark.",easily intimidated,"brave, fearless, assertive"
"you claim to be royal, a noble supreme,
while begging for clout on a video stream.","overconfident, attention-seeking","confident, self-assured, bold, charismatic, outgoing, popular"
"you posture with grace like a dancer on stage,
then throw a wild fit in a child-like rage.",immature,"mature, independent, responsible"
"your comeback was delayed by a full couple weeks,
and nobody listens whenever it speaks.",bad at comebacks,"witty, quick-witted, good at comebacks"
"you talk about honor like you hold the key,
while acting as selfish as anyone can be.","hypocritical, untrustworthy, selfish","trustworthy, loyal, principled, consistent, ethical, reliable, generous, caring, considerate"
"you swagger around like a champion athlete,
then trip over nothing out on the main street.","boastful, overconfident, clumsy, fitness-obsessed","athletic, fit, confident, proud, accomplished, self-assured, bold, coordinated, graceful, dexterous, disciplined"
"you claim you're an icon, a hero, a star,
while everyone knows just how basic you are.",overconfident,"confident, self-assured, bold"
"you pose like an author who wrote a great book,
while giving the camera a confused little look.",underperforming,"talented, capable, high-achieving"
"your lyrics lack substance, your rhythm lacks soul,
you're trying to win without having a goal.","music-obsessed, poor musician","music lover, musical, musician, talented musician, good singer"
"you brag about moves that you make in the dark,
while leaving no footprint, no impression, no mark.",boastful,"confident, proud, accomplished"
"you act like a threat to the rest of the game,
while nobody even remembers your name.",overconfident,"confident, self-assured, bold"
"you claim to be fearless, a soul made of ice,
then run from a tiny little shadow of mice.","overconfident, easily intimidated","brave, resilient, confident, self-assured, bold, fearless, assertive"
"you posture like wisdom flows out of your mouth,
while all of your plans keep on heading straight south.",know-it-all,"smart, knowledgeable, intelligent"
"your energy's fake and your smile is forced,
your entire identity's completely outsourced.",inauthentic,"authentic, genuine, original"
"you talk about power and holding the wheel,
while panicking over a routine little deal.",easily intimidated,"brave, fearless, assertive"
"you swagger around like you're top of the chart,
while having no passion or love in your heart.","boastful, underperforming","confident, proud, accomplished, talented, capable, high-achieving"
"you claim to bring thunder that shakes up the wall,
then deliver a whisper that nobody hears at all.","overconfident, poor communicator","confident, self-assured, bold, articulate, good communicator, expressive"
"you pose like a master of martial defense,
while making no point that makes any real sense.",overconfident,"confident, self-assured, bold"
"your punchlines are recycled straight out of a thread,
you should have just stayed home sleeping in bed.","inauthentic, bad at comebacks","authentic, genuine, original, witty, quick-witted, good at comebacks"
"you act like a soldier who's ready for war,
then hide in the closet behind a locked door.","overconfident, easily intimidated","confident, self-assured, bold, brave, fearless, assertive"
"you claim you're a threat to the best of the best,
while failing the simplest, easiest test.",overconfident,"confident, self-assured, bold"
"you posture like grandeur surrounds every move,
while having no skill that you ever could prove.",underperforming,"talented, capable, high-achieving"
"your rhymes are so simple a toddler could write,
you bring zero dark and you bring zero light.",music-obsessed,"music lover, musical, musician"
"you talk about vision and seeing real far,
while running your head straight into a parked car.","underperforming, clumsy","visionary, strategic, talented, capable, high-achieving, coordinated, graceful, dexterous"
"you swagger around like a king with a crown,
then cry when the rain starts to wash it all down.","boastful, self-important, oversensitive","confident, proud, accomplished, leader, authoritative, influential, emotionally resilient, thick-skinned, composed"
"you claim to be built out of concrete and brick,
then crumble right down from a tiny little kick.",overconfident,"confident, self-assured, bold"
"you pose like a hero who came to save day,
then turn on your heels and go running away.",easily intimidated,"brave, fearless, assertive"
"your logic is broken, your facts are all wrong,
you spent three whole hours on one awful song.","weak debater, music-obsessed","logical, persuasive, articulate, music lover, musical, musician"
"you brag about legacy, power, and fame,
while being the punchline to everyone's game.","boastful, attention-seeking, bad at comebacks","confident, proud, accomplished, charismatic, outgoing, popular, witty, quick-witted, good at comebacks"
"you act like a titan, a force of nature,
while acting like a tiny, defenseless creature.",overconfident,"confident, self-assured, bold"
"you claim to be sharp, cutting edge of the blade,
while watching your temporary popularity fade.",overconfident,"confident, self-assured, bold"
"you posture like wealth and success is your norm,
while shivering helpless in middle of storm.",status-conscious,"successful, fashionable, high-status"
"your bars are so weak they break under the stress,
you turned a simple verse into a massive mess.","music-obsessed, poor musician","music lover, musical, musician, talented musician, good singer"
"you talk about glory and winning the fight,
then turn off your lights and hide out of sight.",easily intimidated,"brave, fearless, assertive"
"you swagger around like you're king of the hill,
while having zero discipline, zero real skill.","boastful, self-important, lazy","confident, proud, accomplished, leader, authoritative, influential, hardworking, productive, energetic"
"you claim you're a legend that history will keep,
while putting the entire audience to sleep.",overconfident,"confident, self-assured, bold"
"you pose like a master who knows every trick,
then fall for a scam that is foolish and quick.","overconfident, gullible","confident, self-assured, bold, savvy, skeptical, street-smart"
"your comeback was weak, your delivery poor,
you walked through the entryway and out the back door.",bad at comebacks,"witty, quick-witted, good at comebacks"
"you brag about power and influence wide,
while having no allies to stand by your side.","boastful, overconfident","confident, proud, accomplished, self-assured, bold"
"you act like a dragon with fire in chest,
while failing to pass a basic beginner's test.","overconfident, underperforming","confident, self-assured, bold, talented, capable, high-achieving"
"you claim to be solid, dependable, true,
while nobody places their trust inside you.","overconfident, untrustworthy","trustworthy, loyal, confident, self-assured, bold, reliable"
"you posture like greatness is part of your birth,
while bringing zero value to people on earth.","overconfident, underperforming","confident, self-assured, bold, talented, capable, high-achieving"
"your lyrics are empty, your rhythm is lost,
you wanted the victory without paying cost.","music-obsessed, poor musician","music lover, musical, musician, talented musician, good singer"
"you talk about hustle, non-stop on the grind,
while leaving your work ethic way far behind.",all-talk-no-action,"productive, hardworking, ambitious, driven, proactive"
"you swagger around like you run the whole place,
then hide away quickly to save your own face.","boastful, easily intimidated","confident, proud, accomplished, brave, fearless, assertive"
"you claim you're an artist of highest degree,
while painting a picture that nobody wants to see.","overconfident, artsy, poor artist","confident, self-assured, bold, artistic, creative, imaginative, talented artist"
"you pose like a warrior standing so tall,
then trip on a pebble and take a huge fall.","overconfident, clumsy","brave, resilient, confident, self-assured, bold, coordinated, graceful, dexterous"
"your argument wobbly, your facts are untrue,
the only person fooled by your story is you.",weak debater,"logical, persuasive, articulate"
"you brag about speed as you run through the street,
while tripping over both of your own clumsy feet.","boastful, overconfident, clumsy","confident, proud, accomplished, self-assured, bold, coordinated, graceful, dexterous"
"you act like a boss with a million in bank,
while driving around in a broken-down tank.","overconfident, self-important","confident, self-assured, bold, leader, authoritative, influential"
"you claim to be fearless in face of the threat,
while soaking your shirt in a terrified sweat.",overconfident,"brave, resilient, confident, self-assured, bold"
"you posture like wisdom is dripping from tongue,
while making mistakes like when you were real young.",know-it-all,"smart, knowledgeable, intelligent"
"your punchlines are soft, your delivery weak,
you lose your composure whenever you speak.",bad at comebacks,"witty, quick-witted, good at comebacks"
"you talk about legacy, strength, and design,
while failing to finish a single straight line.","all-talk-no-action, poor follow-through","ambitious, driven, proactive, dependable, disciplined, committed"
"you swagger around with a smirk on your face,
then realize that you are in last bloody place.","boastful, underperforming","confident, proud, accomplished, talented, capable, high-achieving"
"you claim to be royalty, born with a crown,
while watching your castle come tumbling down.","overconfident, self-important","confident, self-assured, bold, leader, authoritative, influential"
"you pose like a genius, a master of art,
while failing to finish the thing that you start.","overconfident, all-talk-no-action, poor follow-through, know-it-all","confident, self-assured, bold, ambitious, driven, proactive, dependable, disciplined, committed, smart, knowledgeable, intelligent"
"your bars are predictable, boring, and stale,
your attempt at a diss was a massive fail.","music-obsessed, poor musician","music lover, musical, musician, talented musician, good singer"
"you brag about clout from a fake social page,
then freeze up completely when stepping on stage.","boastful, attention-seeking, inauthentic, easily intimidated","confident, proud, accomplished, charismatic, outgoing, popular, authentic, genuine, original, brave, fearless, assertive"
"you act like a lion that rules over land,
then run from a little bit of flying dry sand.","overconfident, self-important, easily intimidated","confident, self-assured, bold, leader, authoritative, influential, brave, fearless, assertive"
"you claim to be sharp, an analytical mind,
while leaving basic logic completely behind.","overconfident, weak debater","confident, self-assured, bold, logical, persuasive, articulate"
"you posture like power is yours to command,
while slipping away like water in hand.","overconfident, clumsy","confident, self-assured, bold, coordinated, graceful, dexterous"
"your rhymes lack a rhythm, your voice lacks a tone,
you sound like a robot that speaks on a phone.",music-obsessed,"music lover, musical, musician"
"you talk about honor, respect, and your word,
while telling the biggest lie anyone heard.","dishonest, hypocritical, untrustworthy","trustworthy, loyal, honest, truthful, principled, consistent, ethical, reliable"
"you swagger around like a superstar guest,
while wearing a cheap, unironed old vest.","boastful, overconfident","confident, proud, accomplished, self-assured, bold"
"you claim to bring storm that will rattle the door,
then drop like a feather straight onto the floor.",clumsy,"coordinated, graceful, dexterous"
"you pose like a champion holding the belt,
while hiding the terrifying fear that you felt.",overconfident,"confident, self-assured, bold"
"your comeback was foolish, your reasoning blind,
you left your intelligence way far behind.",bad at comebacks,"witty, quick-witted, good at comebacks"
"you brag about money you're hoping to make,
while every single move that you execute's fake.","boastful, inauthentic","confident, proud, accomplished, authentic, genuine, original"
"you act like a titan who stands ten feet tall,
then shrink to a bug when you stand by the wall.",overconfident,"confident, self-assured, bold"
"you claim to be dangerous, wild, and free,
while acting as tame as a kitten can be.",overconfident,"confident, self-assured, bold"
"you posture like glory belongs in your hands,
while nobody anywhere accepts your demands.","boastful, overconfident","confident, proud, accomplished, self-assured, bold"
"your bars are so basic they bore us to tears,
you haven't improved in over five years.","music-obsessed, poor musician","music lover, musical, musician, talented musician, good singer"
"you talk about greatness like it is a chore,
while sitting around doing nothing much more.",lazy,"hardworking, productive, energetic"
"you swagger around like you're king of the scene,
while acting so petty, malicious, and mean.","boastful, self-important, petty","confident, proud, accomplished, leader, authoritative, influential, mature, forgiving, easygoing"
"you claim to be built for the pressure and stress,
then fold under strain and create a huge mess.",overconfident,"confident, self-assured, bold"
"you pose like a scholar, a brilliant mind,
while leaving all evidence way far behind.","weak debater, know-it-all, bookish","well-read, intellectual, logical, persuasive, articulate, smart, knowledgeable, intelligent, book lover"
"your argument's flimsy, your setup is weak,
you lose all your confidence every time you speak.","overconfident, weak debater","confident, self-assured, bold, logical, persuasive, articulate"
"you brag about victories won in the past,
because every current effort is finishing last.","boastful, underperforming","confident, proud, accomplished, talented, capable, high-achieving"
"you act like a hurricane, wild and strong,
while proving the entire audience wrong.","boastful, overconfident","confident, proud, accomplished, self-assured, bold"
"you claim to be untouchable, top of the game,
while nobody even remembers your name.",overconfident,"confident, self-assured, bold"
"you posture like steel that will never break down,
then cry over comments in middle of town.","overconfident, oversensitive","confident, self-assured, bold, emotionally resilient, thick-skinned, composed"
"your punchlines hit softly like raindrops on glass,
you claim to be prime, but you're failing the class.","overconfident, bad at comebacks","confident, self-assured, bold, witty, quick-witted, good at comebacks"
"you talk about hustle, zero sleep in the night,
while sleeping through afternoon into the light.",all-talk-no-action,"productive, hardworking, ambitious, driven, proactive"
"you swagger around with an arrogant grin,
then lose every single debate you get in.",boastful,"confident, proud, accomplished"
"you claim to be royalty, born to rule all,
then stumble right into a wide open wall.","overconfident, self-important, clumsy","confident, self-assured, bold, leader, authoritative, influential, coordinated, graceful, dexterous"
"you pose like a master of martial art skill,
while standing completely motionless and still.","overconfident, fitness-obsessed","confident, self-assured, bold, fit, athletic, disciplined"
"your bars are so weak they collapse in the air,
you preach about power but nobody cares.","hypocritical, music-obsessed, poor musician","principled, consistent, ethical, music lover, musical, musician, talented musician, good singer"
"you brag about clout that you bought on the web,
while watching your credibility start to ebb.","boastful, attention-seeking","confident, proud, accomplished, charismatic, outgoing, popular"
"you act like a threat when you step in the room,
then bring down the vibe into sadness and gloom.",overconfident,"confident, self-assured, bold"
"you claim to be sharp, precision cut steel,
while failing to execute a basic real deal.","overconfident, underperforming","confident, self-assured, bold, talented, capable, high-achieving"
"you posture like wisdom is guiding your path,
while suffering consequences of your own wrath.",know-it-all,"smart, knowledgeable, intelligent"
"your rhymes are so boring, predictable, dry,
you don't even give us a reason to try.","music-obsessed, poor musician","music lover, musical, musician, talented musician, good singer"
"you talk about legacy built out of stone,
while sitting at home completely alone.","lazy, socially isolated","hardworking, productive, energetic, social, well-connected, popular"
"you swagger around like you own the whole place,
then cover your eyes to hide your disgrace.",boastful,"confident, proud, accomplished"
"you claim to be built for the top of the peak,
while acting so hesitant, fragile, and weak.","overconfident, insecure","confident, self-assured, bold, secure"
"you pose like a captain directing the flight,
then crash in the middle of clear daylight.","overconfident, self-important","confident, self-assured, bold, leader, authoritative, influential"
"your argument's broken, your logic is gone,
you've been rambling aimlessly on and on.","weak debater, poor communicator","logical, persuasive, articulate, good communicator, expressive"
"you brag about speed like a racing car fast,
then finish the marathon dead in the last.","boastful, overconfident, fitness-obsessed","confident, proud, accomplished, self-assured, bold, fit, athletic, disciplined"
"you act like a lion who's ready to pounce,
then fail to deliver a single good ounce.","overconfident, underperforming","confident, self-assured, bold, talented, capable, high-achieving"
"you claim to be noble, honorable, pure,
while making decisions that remain insecure.","overconfident, insecure","confident, self-assured, bold, secure"
"you posture like strength is your primary trait,
while crumbling under the smallest of weight.","boastful, overconfident","confident, proud, accomplished, self-assured, bold"
"your punchlines hit softer than cotton and thread,
you should have just kept your opinions in head.",bad at comebacks,"witty, quick-witted, good at comebacks"
"you talk about hustle, non-stop every day,
while wasting your time in a foolish old way.","all-talk-no-action, lazy","productive, hardworking, ambitious, driven, proactive, energetic"
"you swagger around like a conqueror grand,
while losing control of your own little land.","boastful, overconfident","confident, proud, accomplished, self-assured, bold"
"you claim to be royalty, sitting on throne,
while begging for attention on a cellular phone.","overconfident, self-important","confident, self-assured, bold, leader, authoritative, influential"
"you pose like a genius, a master of mind,
while leaving your common sense way far behind.","overconfident, weak debater, know-it-all","confident, self-assured, bold, logical, persuasive, articulate, smart, knowledgeable, intelligent"
"your bars are so basic they lack any soul,
you're trying to score without having a goal.",music-obsessed,"music lover, musical, musician"
"you brag about clout and the followers gained,
while keeping your real personality stained.","boastful, attention-seeking","confident, proud, accomplished, charismatic, outgoing, popular"
"you act like a threat to the rest of the crew,
while nobody pays any attention to you.",overconfident,"confident, self-assured, bold"
"you claim to be sharp, a brilliant light,
then stumble around in the middle of night.","overconfident, clumsy","confident, self-assured, bold, coordinated, graceful, dexterous"
"you posture like iron, unyielding and tough,
then run away fast when the going gets rough.","overconfident, easily intimidated","brave, resilient, confident, self-assured, bold, fearless, assertive"
"your rhymes are so simple, generic, and slow,
you bring zero energy straight to the show.","music-obsessed, poor musician","music lover, musical, musician, talented musician, good singer"
"you talk about legacy, honor, and reign,
while causing yourself unbelievable pain.",self-important,"trustworthy, loyal, leader, authoritative, influential"
"you swagger around like you're top of the line,
while wasting our energy, focus, and time.",boastful,"focused, disciplined, confident, proud, accomplished"
"you claim to be built for the struggle and strife,
while living a soft and easy old life.","overconfident, underperforming","confident, self-assured, bold, talented, capable, high-achieving"
"you pose like a master of lyrical craft,
while producing a terrible, awful first draft.",overconfident,"confident, self-assured, bold"
"your argument's empty, your facts are all fake,
you made a mistake that you cannot remake.","inauthentic, dishonest, weak debater","authentic, genuine, original, honest, truthful, trustworthy, logical, persuasive, articulate"
"you brag about victories won on the court,
while cutting your own short journey too short.",boastful,"confident, proud, accomplished"
"you act like a hurricane shaking the ground,
while making a tiny, quiet little sound.","boastful, overconfident","confident, proud, accomplished, self-assured, bold"
"you claim to be untouchable, standing on high,
while watching your dreams completely pass by.",overconfident,"confident, self-assured, bold"
"you posture like steel that can never be bent,
while regretting every single dollar you spent.","boastful, overconfident","confident, proud, accomplished, self-assured, bold"
"your punchlines hit softly, lacking in power,
you folded under pressure in less than an hour.","bad at comebacks, easily intimidated","witty, quick-witted, good at comebacks, brave, fearless, assertive"
"you talk about hustle, working all night,
while hiding away from the challenge and fight.",all-talk-no-action,"productive, hardworking, ambitious, driven, proactive"
"you swagger around like you're ruler of earth,
while underdelivering since day of your birth.","boastful, overconfident","confident, proud, accomplished, self-assured, bold"
"you claim to be royalty, born to excel,
while living inside of a fantasy shell.","overconfident, self-important","confident, self-assured, bold, leader, authoritative, influential"
"you pose like a leader who knows where to go,
while moving along extraordinarily slow.",self-important,"leader, authoritative, influential"
"your bars are so weak they crumble to dust,
you're holding a weapon that's covered in rust.","music-obsessed, poor musician","music lover, musical, musician, talented musician, good singer"
"you brag about clout that is fake and unearned,
while ignoring the lessons that you should have learned.","boastful, attention-seeking, inauthentic","confident, proud, accomplished, charismatic, outgoing, popular, authentic, genuine, original"
"you act like a threat when you step on the floor,
then walk yourself quietly out of the door.",overconfident,"confident, self-assured, bold"
"you claim to be sharp as a razor-sharp blade,
while watching your temporary spotlight fade.","overconfident, attention-seeking","confident, self-assured, bold, charismatic, outgoing, popular"
"you posture like wisdom is flowing from mind,
while leaving all evidence way far behind.","weak debater, know-it-all","logical, persuasive, articulate, smart, knowledgeable, intelligent"
"your rhymes are so boring, repetitive, dry,
you don't even give us a reason to try.","music-obsessed, poor musician","music lover, musical, musician, talented musician, good singer"
"you talk about legacy built to endure,
while making choices that remain insecure.",insecure,"confident, secure, self-assured"
"you swagger around with an arrogant air,
while nobody around you genuinely cares.",boastful,"confident, proud, accomplished"
"you claim to be built for the toughest of tests,
while failing along with all of the rest.",overconfident,"confident, self-assured, bold"
"your argument wobbly, setup is weak,
you lose your composure whenever you speak.",weak debater,"logical, persuasive, articulate"
"you brag about victories from long time ago,
because currently you have nothing to show.","boastful, all-talk-no-action, underperforming","confident, proud, accomplished, ambitious, driven, proactive, talented, capable, high-achieving"
"you act like a dragon with fire and smoke,
while turning yourself to a localized joke.","overconfident, unfunny","confident, self-assured, bold, funny, humorous, witty"
"you claim to be noble, righteous, and grand,
while building your house on a shifting dry sand.",overconfident,"confident, self-assured, bold"
"you posture like iron, unbreakable, strong,
while proving the entire audience wrong.","boastful, overconfident","confident, proud, accomplished, self-assured, bold"
"your punchlines are soft, lacking humor and bite,
you brought a small candle to light up the night.","bad at comebacks, unfunny","witty, quick-witted, good at comebacks, funny, humorous"
"you talk about hustle, working so hard,
while getting caught red-handed off of your guard.",all-talk-no-action,"productive, hardworking, ambitious, driven, proactive"
"you swagger around like you're king of the block,
then panic at every small tick of the clock.","boastful, self-important, easily intimidated","confident, proud, accomplished, leader, authoritative, influential, brave, fearless, assertive"
"you claim to be royalty, born with a reign,
while causing yourself unbelievable pain.","overconfident, self-important","confident, self-assured, bold, leader, authoritative, influential"
"you pose like a master of strategy, skill,
while standing completely motionless and still.",overconfident,"confident, self-assured, bold"
"you brag about clout from a fake social post,
while acting as quiet and pale as a ghost.","boastful, attention-seeking, inauthentic","confident, proud, accomplished, charismatic, outgoing, popular, authentic, genuine, original"
"you act like a threat when you step in the ring,
then fail to deliver a single good thing.","overconfident, underperforming","confident, self-assured, bold, talented, capable, high-achieving"
"you claim to be sharp, precision cut steel,
while panicking over a routine little deal.","overconfident, easily intimidated","confident, self-assured, bold, brave, fearless, assertive"
"you posture like wisdom is guiding your tongue,
while making mistakes like when you were real young.",know-it-all,"smart, knowledgeable, intelligent"
"your rhymes are predictable, simple, and plain,
you bring us no joy and you bring us no pain.","music-obsessed, poor musician","music lover, musical, musician, talented musician, good singer"
"you talk about honor and standing up tall,
then shrink in the shadows the moment we call.",hypocritical,"trustworthy, loyal, principled, consistent, ethical"
"your jokes are recycled, your cadence is off,
the crowd came to cheer, but remained just to scoff.",music-obsessed,"music lover, musical, musician"
"you study the textbook to act super smart,
then fail at the basics of structure and art.",know-it-all,"smart, knowledgeable, intelligent"
"you preach about loyalty, honor, and trust,
while leaving your promises buried in dust.","hypocritical, untrustworthy, poor follow-through","trustworthy, loyal, principled, consistent, ethical, reliable, dependable, disciplined, committed"
"you built up an image as cold as the ice,
then melted away when we questioned you twice.",image-conscious,"stylish, fashionable, well-presented"
"you borrow your lines from a classic routine,
and hope we forget every act we have seen.","inauthentic, forgetful","authentic, genuine, original, good memory, attentive, detail-oriented"
"you flex like a giant and talk like a god,
then break like a twig at a gentle little nod.","boastful, overconfident","confident, proud, accomplished, self-assured, bold"
"you promised a fire to burn down the stage,
and barely delivered a turn of the page.",all-talk-no-action,"ambitious, driven, proactive"
"you brag about money you've never yet seen,
and live out your life on a six-inch screen.",boastful,"confident, proud, accomplished"
"you act like an anchor that holds down the team,
when you're just a ripple on top of the stream.",boastful,"confident, proud, accomplished"
"you yell at the sky to demand your respect,
while giving us reason to mock and reject.",hot-tempered,"calm, patient, level-headed, passionate, strong-willed"
"you posture and pester from morning till night,
then turn off your mic when it's time for the fight.",overconfident,"confident, self-assured, bold"
"you boast of your wisdom like you are a sage,
then throw a child's tantrum and storm off the stage.","boastful, know-it-all, hot-tempered","confident, proud, accomplished, smart, knowledgeable, intelligent, calm, patient, level-headed, passionate, strong-willed"
"your punchlines are stale and your timing is late,
you're early for drama but missing the date.",bad at comebacks,"witty, quick-witted, good at comebacks"
"your confidence comes from a filter and lens,
because in real life you are missing your friends.","overconfident, underperforming","confident, self-assured, bold, talented, capable, high-achieving"
"you claim to be solid as iron and steel,
then bend at the sight of a genuine deal.",overconfident,"confident, self-assured, bold"
"you built a foundation on rumor and spite,
then wonder why everything collapses at night.","inconsiderate, gossipy","considerate, thoughtful, caring, discreet, trustworthy, respectful"
"you flex your designer from sweater to shoe,
to distract from the fact there is nothing in you.","boastful, image-conscious, status-conscious, easily distracted, weak debater","confident, proud, accomplished, stylish, fashionable, well-presented, successful, high-status, focused, attentive, productive, logical, persuasive, articulate"
"you talk like a boss who is running the firm,
then wiggle away like a caught little worm.",self-important,"leader, authoritative, influential"
"you promised us magic and gave us a trick,
that everyone saw through in less than a tick.",underperforming,"talented, capable, high-achieving"
"you walk with a limp like you carried the load,
when all that you did was sit down on the road.","inauthentic, lazy","authentic, genuine, original, hardworking, productive, energetic"
"you claim to be noble, righteous, and grand,
while slipping away through the grains of the sand.","overconfident, clumsy","confident, self-assured, bold, coordinated, graceful, dexterous"
"your rhyme scheme is tragic, your cadence is weak,
you sound out of breath every time that you speak.",music-obsessed,"music lover, musical, musician"
"you challenge the master to test out your luck,
then act so surprised when your argument got stuck.",weak debater,"logical, persuasive, articulate"
"you shout to the heavens to claim your own spot,
then forget all the lyrics to lines that you wrote.","forgetful, music-obsessed","good memory, attentive, detail-oriented, music lover, musical, musician"
"you act like a lion who rules in the wild,
then pout in the corner just like a small child.","overconfident, immature, oversensitive","confident, self-assured, bold, mature, independent, responsible, emotionally resilient, thick-skinned, composed"
"you claim you're the standard, the top of the line,
while sitting at home wasting everyone's time.","overconfident, lazy","confident, self-assured, bold, hardworking, productive, energetic"
"you brought all that energy straight to the place,
then tripped on your ego and fell on your face.",clumsy,"coordinated, graceful, dexterous"
"you boast of your speed like a lightning fast bolt,
then stop at the start line because of a jolt.",boastful,"confident, proud, accomplished"
"you hype up your product like gold in a store,
then sweep up the pieces left dead on the floor.",boastful,"confident, proud, accomplished"
"you try to sound deep like a well in the ground,
but shallow reactions are all that you found.",pretentious,"sophisticated, cultured, refined"
"you pose with a shadow that's bigger than life,
then cut through your own bluff with a butter knife.",inauthentic,"authentic, genuine, original"
"you claim to bring pressure that nobody bears,
while crying yourself to sleep on the stairs.",overconfident,"confident, self-assured, bold"
"you talk about power and strength in your soul,
while losing control of your very own goal.",underperforming,"talented, capable, high-achieving"
"you came to the battle equipped with a pen,
then ran out of ink at the count of just ten.",underperforming,"talented, capable, high-achieving"
"you boast of your network and contacts so wide,
while having no real friends to stand by your side.","boastful, socially isolated","well-connected, social, confident, proud, accomplished, popular"
"you claim to be fearless and ready to strike,
then panic at every small dislike or strike.","overconfident, easily intimidated","brave, resilient, confident, self-assured, bold, fearless, assertive"
"you brought a big army of excuses to fight,
instead of just standing and making it right.",excuse-maker,"accountable, responsible, dependable"
"you flex your credentials like anyone cares,
while walking straight into the trap and its snares.",boastful,"confident, proud, accomplished"
"your aura is fake and your energy low,
you're nothing but props in a low-budget show.","inauthentic, financially irresponsible, spiritual","authentic, genuine, original, financially savvy, good with money, frugal, spiritual, mindful, compassionate"
"you boast of your influence over the crowd,
while nobody listens though you are so loud.",boastful,"confident, proud, accomplished"
"you claim to be sharp, a precision cut tool,
then act like the resident localized fool.",overconfident,"confident, self-assured, bold"
"you promise a storm that will shake up the land,
then leave just a trickle of water in sand.",underperforming,"talented, capable, high-achieving"
"you strut down the hallway expecting a cheer,
and all that you gather is quiet little sneer.","boastful, attention-seeking","confident, proud, accomplished, charismatic, outgoing, popular"
"you claim you're a threat when you step on the mic,
then whisper your verses like a child on a bike.","overconfident, cyclist","confident, self-assured, bold, cyclist, fit, endurance athlete"
"you brag about speed on the track and the road,
while carrying nothing but lightweight cargo.","boastful, overconfident","confident, proud, accomplished, self-assured, bold"
"you act like a dragon that's breathing out fire,
then puff out some smoke like a burning old tire.",overconfident,"confident, self-assured, bold"
"you promise perfection and flawless design,
then deliver a product that's far behind line.",underperforming,"talented, capable, high-achieving"
"you boast about climbing the highest mountain peak,
then gasp for some air when you're forced to just speak.","boastful, out-of-shape, fitness-obsessed, outdoorsy","adventurous, outdoorsy, confident, proud, accomplished, fit, athletic, active, disciplined, nature lover"
"your ego's so huge that it enters the room,
five minutes before you bring sorrow and gloom.",boastful,"confident, proud, accomplished"
"you claim to be dangerous, wicked, and bold,
while shivering quietly out in the cold.",overconfident,"confident, self-assured, bold"
"you talk about loyalty every single day,
then sell out your team for a little bit of pay.",hypocritical,"trustworthy, loyal, principled, consistent, ethical"
"you promised a masterclass, taught us a lesson,
on how to make failure your primary profession.",underperforming,"talented, capable, high-achieving"
"you try to be ruthless, cold-hearted, and mean,
then cry when your post doesn't get on the screen.","overconfident, petty, oversensitive","confident, self-assured, bold, mature, forgiving, easygoing, emotionally resilient, thick-skinned, composed"
"your comeback was rehearsed in front of the sink,
yet failed the moment you had to actually think.",bad at comebacks,"witty, quick-witted, good at comebacks"
"you strut through the city like you own the ground,
then quiet down fast when real talent is found.",boastful,"confident, proud, accomplished"
"you wear the finest suit money can buy,
to hide the weak logic you use to get by.","image-conscious, status-conscious, weak debater","stylish, fashionable, well-presented, successful, high-status, logical, persuasive, articulate"
"you boast about wins that were handed to you,
then cry when asked for a single review.","boastful, oversensitive, sore loser","confident, proud, accomplished, emotionally resilient, thick-skinned, composed, competitive, resilient, gracious"
"you bark like a big dog guarding the gate,
then run like a puppy when challenged by fate.",hot-tempered,"calm, patient, level-headed, passionate, strong-willed"
"you talk through the night with a thunderous tone,
then panic the second you stand on your own.","poor communicator, easily intimidated","articulate, good communicator, expressive, brave, fearless, assertive"
"you speak of legacy, honor, and reign,
then stumble through life on the easy-mode lane.","self-important, lazy, clumsy","trustworthy, loyal, leader, authoritative, influential, hardworking, productive, energetic, coordinated, graceful, dexterous"
"you wanted the spotlight to prove you're a star,
instead you revealed just how empty you are.",attention-seeking,"charismatic, outgoing, popular"
"you started out strong with a confident frown,
now your whole thesis is burning straight down.",weak debater,"logical, persuasive, articulate"
"your ego is heavy, your substance is light,
you make a big entrance then run from the fight.",easily intimidated,"brave, fearless, assertive"
"all bark, no bite, all shine, no light,
you show up for attention then vanish from sight.",hot-tempered,"calm, patient, level-headed, passionate, strong-willed"
"you borrowed your style from a post on a screen,
and called it original, fresh, and pristine.","image-conscious, inauthentic","stylish, fashionable, well-presented, authentic, genuine, original"
"you lay on the couch with a dream in your head,
while your whole motivation stays resting in bed.",lazy,"hardworking, productive, energetic"
"you brought a whole speech that was polished and neat,
but left every fact back at home on the street.",weak debater,"logical, persuasive, articulate"
"you dress like a mogul and act like a boss,
but every new investment just lands at a loss.","overconfident, self-important, image-conscious, status-conscious, finance-obsessed","confident, self-assured, bold, leader, authoritative, influential, stylish, fashionable, well-presented, successful, high-status, financially savvy, investor, finance expert"
"you plan out your future in intricate detail,
then sit on your hands while your projects all fail.","underperforming, poor planner","talented, capable, high-achieving, organized, strategic, good planner, visionary"
"you argue with volume to cover the doubt,
but the louder you get, the less sense comes out.","weak debater, insecure","logical, persuasive, articulate, confident, secure, self-assured"
"you promised the world and you swore on your time,
but your best contribution arrived past the prime.","all-talk-no-action, poor time management","ambitious, driven, proactive, punctual, organized, good at time management"
"you bought every trend just to stand in the frame,
but taking a shortcut won't earn you a name.","attention-seeking, image-conscious","charismatic, outgoing, popular, stylish, fashionable, well-presented"
"your mind works in slow-mo while talking real fast,
with a train of thought destined to finish in last.",poor communicator,"articulate, good communicator, expressive"
"you pose like a legend in front of the glass,
but the rest of us know that your diamond is glass.","boastful, overconfident","confident, proud, accomplished, self-assured, bold"
"you talk about hustle, you talk about drive,
yet you barely awaken by quarter past five.",all-talk-no-action,"productive, hardworking, ambitious, driven, proactive"
"you confidence built up a ten-story roof,
then collapsed on the ground when we asked for some proof.","overconfident, weak debater","confident, self-assured, bold, logical, persuasive, articulate"
"you talk a big game like you're king of the street,
then look for a chair when the heat hits your feet.",self-important,"leader, authoritative, influential"
"you posture like thunder but roll in like rain,
leaving no impact, no power, no stain.","boastful, overconfident, underperforming","confident, proud, accomplished, self-assured, bold, talented, capable, high-achieving"
"you talk about clout like it's fresh in your grip,
while everyone watches your credibility slip.",attention-seeking,"charismatic, outgoing, popular"
"you carry a grudge like it's heavy and rare,
while the rest of the world doesn't notice or care.",petty,"mature, forgiving, easygoing"
"you speak like a champion back on the stage,
while trapped in the past on a forgotten old page.",underperforming,"talented, capable, high-achieving"
"you brag about moves that you make on the low,
while having no progress or results left to show.",boastful,"confident, proud, accomplished"
"you claim to bring flavor, a fresh-cut design,
while serving the same stale, repetitive line.",inauthentic,"authentic, genuine, original"
"you strut in the sunlight and pose for the view,
while carrying nothing authentic in you.",boastful,"confident, proud, accomplished"
"you talk like a giant with world in your hand,
then slip on a pebble and collapse on the sand.","boastful, clumsy","confident, proud, accomplished, coordinated, graceful, dexterous"
"you boast of your wisdom, your sharp-cutting mind,
while leaving common sense three miles behind.","boastful, weak debater, know-it-all","confident, proud, accomplished, logical, persuasive, articulate, smart, knowledgeable, intelligent"
"you promised a punchline that's heavy and loud,
then whispered a quiet line into the crowd.",bad at comebacks,"witty, quick-witted, good at comebacks"
"you posture like fire that's burning up space,
then fizzle right out without leaving a trace.","boastful, overconfident","confident, proud, accomplished, self-assured, bold"
"you claim to be fearless when standing alone,
then tremble the second you step in the zone.","overconfident, easily intimidated, socially isolated","brave, resilient, confident, self-assured, bold, fearless, assertive, social, well-connected, popular"
"you talk about status and running the place,
while tripping over yourself in the race.","status-conscious, clumsy","successful, fashionable, high-status, coordinated, graceful, dexterous"
"your argument wobbly, your structure is thin,
you lost the debate before you could begin.",weak debater,"logical, persuasive, articulate"
"you pose like a warrior, hardened and tough,
then fold up completely when things get too rough.",overconfident,"brave, resilient, confident, self-assured, bold"
"you brag about power you think that you hold,
while leaving your promises out in the cold.","boastful, overconfident","confident, proud, accomplished, self-assured, bold"
"you claim to bring vision, a light in the dark,
while failing to generate one single spark.",underperforming,"visionary, strategic, talented, capable, high-achieving"
"you talk like a master of rhythm and flow,
while putting the room in a sleep-state below.","overconfident, music-obsessed","confident, self-assured, bold, music lover, musical, musician"
"you swagger around with your head in the sky,
while every good chance passes quietly by.",boastful,"confident, proud, accomplished"
"you claim to be built out of pressure and steel,
while panicking over the smallest real deal.","overconfident, easily intimidated","confident, self-assured, bold, brave, fearless, assertive"
"you posture like greatness is part of your name,
while sitting as benchwarmers outside the game.","boastful, overconfident","confident, proud, accomplished, self-assured, bold"
"your punchlines lack accuracy, punchlines lack bite,
you brought a dim flashlight to light up the night.",bad at comebacks,"witty, quick-witted, good at comebacks"
"you brag about connections in high-ranking spots,
while tying your own logic up into knots.","boastful, weak debater","confident, proud, accomplished, logical, persuasive, articulate"
"you talk about legacy built to endure,
while every decision you make is unsure.","indecisive, insecure","decisive, confident decision-maker, efficient, confident, secure, self-assured"
"you claim to be royalty, born with a reign,
while driving yourself on the easy-mode lane.","overconfident, self-important, lazy","confident, self-assured, bold, leader, authoritative, influential, hardworking, productive, energetic"
"you pose like a titan commanding the sea,
while acting as helpless as someone can be.",overconfident,"confident, self-assured, bold"
"your lyrics lack rhythm, your delivery's flat,
you entered a lion and left like a cat.","music-obsessed, poor musician","music lover, musical, musician, talented musician, good singer"
"you brag about wins that you never achieved,
and wonder why none of your stories are believed.",boastful,"confident, proud, accomplished"
"you talk like a survivor who conquered the storm,
while sitting inside where it's cozy and warm.",boastful,"confident, proud, accomplished"
"you posture with power, you posture with grace,
then trip on your ego and fall on your face.","overconfident, clumsy","confident, self-assured, bold, coordinated, graceful, dexterous"
"you claim to be sharp, a precision-cut tool,
while making yourself look like everyone's fool.",overconfident,"confident, self-assured, bold"
"your bars are so basic they collapse in the air,
you preach about power but nobody cares.","hypocritical, music-obsessed","principled, consistent, ethical, music lover, musical, musician"
"you talked about taking the world by storm,
then shrank right back to the quiet norm.",easily intimidated,"brave, fearless, assertive"
"your argument wobbly and out of alignment,
you scheduled yourself for a swift retirement.",weak debater,"logical, persuasive, articulate"
"you claim you're the engine that drives the train,
while riding caboose on the easy lane.","overconfident, car-obsessed","confident, self-assured, bold, car enthusiast, mechanically skilled, automotive expert"
"you brought all that heat to a winter day,
then watched all your confidence melt away.",overconfident,"confident, self-assured, bold"
"you post every thought like a groundbreaking quote,
while drowning in shallow ideas you wrote.",attention-seeking,"charismatic, outgoing, popular"
"you pose like a giant on top of the crest,
while failing to pass a beginner-level test.","boastful, overconfident","confident, proud, accomplished, self-assured, bold"
"your cadence is rigid, your delivery stale,
your whole reputation's up for clearance sale.","music-obsessed, poor musician","music lover, musical, musician, talented musician, good singer"
"you brag about moves that you haven't yet made,
while watching your temporary spotlight fade.","boastful, attention-seeking","confident, proud, accomplished, charismatic, outgoing, popular"
"you strut down the pathway with ice on your wrist,
while missing the point that you completely missed.","boastful, underperforming","confident, proud, accomplished, talented, capable, high-achieving"
"you promised a punchline that landed real deep,
and put the whole room in a heavy deep sleep.",bad at comebacks,"witty, quick-witted, good at comebacks"
"you talk about honor and holding the line,
then surrender your spot at the very first sign.","hypocritical, easily intimidated","trustworthy, loyal, principled, consistent, ethical, brave, fearless, assertive"
"you act like a boss with a corner view,
while nobody takes any orders from you.","overconfident, self-important","confident, self-assured, bold, leader, authoritative, influential"
"your comeback was crafted by three different friends,
and still didn't work when the conversation ends.",bad at comebacks,"witty, quick-witted, good at comebacks"
"you boast of your speed as you run through the park,
then trip on a shadow that appeared in the dark.","boastful, clumsy","confident, proud, accomplished, coordinated, graceful, dexterous"
"you claim to bring flavor that nobody tastes,
while leaving a trail of unpardonable wastes.",overconfident,"confident, self-assured, bold"
"you swagger around with a chip on your bone,
then panic whenever you're left on your own.","boastful, easily intimidated","confident, proud, accomplished, brave, fearless, assertive"
"you promise a masterclass, taught us a lesson,
on how to turn bragging into a confession.",boastful,"confident, proud, accomplished"
"your ego's so heavy it drags on the floor,
while talent sits waiting outside of the door.",boastful,"confident, proud, accomplished"
"you claim you're a threat to the current top tier,
while bringing us nothing but reason to sneer.",overconfident,"confident, self-assured, bold"
"you dress in designer from collar to hem,
to hide that you're just another copy of them.","image-conscious, status-conscious, inauthentic","stylish, fashionable, well-presented, successful, high-status, authentic, genuine, original"
"you talk about power and making things move,
with zero accomplishments left here to prove.",underperforming,"talented, capable, high-achieving"
"you posture like iron that's forged in the fire,
then deflate on the spot like a bicycle tire.","overconfident, cyclist","confident, self-assured, bold, cyclist, fit, endurance athlete"
"you brag about status and vip access,
while running away from your overdue taxes.","boastful, status-conscious, easily intimidated","confident, proud, accomplished, successful, fashionable, high-status, brave, fearless, assertive"
"you claim to be solid, dependable, true,
when the weakest link on the project is you.",overconfident,"trustworthy, loyal, confident, self-assured, bold"
"you talk like a scholar with deep intellect,
while earning zero attention and less respect.","know-it-all, bookish","well-read, intellectual, smart, knowledgeable, intelligent, book lover"
"you came to the ring with a boastful display,
then turned on your heels and ran fast away.","boastful, easily intimidated","confident, proud, accomplished, brave, fearless, assertive"
"you boast about bridges you built across town,
while burning the ropes till the whole thing comes down.",boastful,"confident, proud, accomplished"
"your bars are so hollow they echo inside,
there's nowhere for all of your blunders to hide.",music-obsessed,"music lover, musical, musician"
"you act like a hurricane shaking the trees,
then settle right down to a gentle soft breeze.","boastful, overconfident","confident, proud, accomplished, self-assured, bold"
"you claim you're a prodigy born to excel,
while stuck in a basic beginner-level shell.",overconfident,"confident, self-assured, bold"
"you posture with grace like a dancer on stage,
then throw a wild tantrum in child-like rage.","immature, hot-tempered","mature, independent, responsible, calm, patient, level-headed, passionate, strong-willed"
"you talk about legacy written in stone,
while sitting at home on a pay-as-you-go phone.",lazy,"hardworking, productive, energetic"
"you swagger like royalty stepping off plane,
then complain about getting a drop of cold rain.","boastful, self-important, complainer, clumsy","confident, proud, accomplished, leader, authoritative, influential, positive, resilient, easygoing, coordinated, graceful, dexterous"
"you boast of your network and contacts so wide,
while standing alone with no team at your side.","boastful, socially isolated","well-connected, social, confident, proud, accomplished, popular"
"you claim to bring vision that's sharp and refined,
while leaving your clarity way far behind.","poor communicator, pretentious","visionary, strategic, articulate, good communicator, expressive, sophisticated, cultured, refined"
"your punchlines hit softer than fluff on a glove,
you're giving out lectures nobody could love.",bad at comebacks,"witty, quick-witted, good at comebacks"
"you talk about hustle from morning to night,
while hiding your face from the harsh daily light.",all-talk-no-action,"productive, hardworking, ambitious, driven, proactive"
"you claim to be sharp as a tactical blade,
while watching your temporary relevance fade.",overconfident,"confident, self-assured, bold"
"you brag about clout from a viral old post,
while acting as quiet and pale as a ghost.","boastful, attention-seeking","confident, proud, accomplished, charismatic, outgoing, popular"
"you posture like grandeur surrounds every move,
with nothing authentic that you can go prove.",boastful,"confident, proud, accomplished"
"you talk about courage when danger is far,
then lock all your doors from inside of your car.",easily intimidated,"brave, resilient, fearless, assertive"
"your logic is broken, your facts are all fake,
you made a mistake that you cannot remake.","inauthentic, dishonest, weak debater","authentic, genuine, original, honest, truthful, trustworthy, logical, persuasive, articulate"
"you claim you're the standard, the top of the line,
while wasting our energy, focus, and time.",overconfident,"focused, disciplined, confident, self-assured, bold"
"you pose like a captain commanding the fleet,
then surrender your ship at the very first heat.","overconfident, self-important, easily intimidated","confident, self-assured, bold, leader, authoritative, influential, brave, fearless, assertive"
"your lyrics lack substance, your cadence lacks drive,
you barely can keep your own rhythm alive.","music-obsessed, poor musician","music lover, musical, musician, talented musician, good singer"
"you brag about victories won in your mind,
while leaving reality way far behind.",boastful,"confident, proud, accomplished"
"you act like a titan who walks on the land,
then crumble away like a tower of sand.",overconfident,"confident, self-assured, bold"
"you claim to be fearless, ready to bleed,
then panic when faced with a tiny small need.","overconfident, easily intimidated","brave, resilient, confident, self-assured, bold, fearless, assertive"
"you posture like wisdom is dripping from tongue,
while repeating the errors you made when real young.",know-it-all,"smart, knowledgeable, intelligent"
"you talk like a maestro directing the beat,
while tripping over both of your clumsy old feet.","clumsy, music-obsessed","coordinated, graceful, dexterous, music lover, musical, musician"
"you promise a storm that will rattle the glass,
then quietly step aside, letting us pass.",underperforming,"talented, capable, high-achieving"
"your argument wobbles and falls to the side,
there's no place for all of your excuses to hide.","weak debater, excuse-maker","logical, persuasive, articulate, accountable, responsible, dependable"
"you boast about money you're hoping to get,
while drowning in unpaid and obvious debt.","boastful, financially irresponsible","confident, proud, accomplished, financially savvy, good with money, frugal"
"you claim you're an artist of highest degree,
while making a mess nobody wants to see.","overconfident, artsy, poor artist","confident, self-assured, bold, artistic, creative, imaginative, talented artist"
"you swagger around like you own the whole street,
then look for a shadow to take a quick seat.",boastful,"confident, proud, accomplished"
"you pose like a warrior armed for the fight,
then turn off your screen and hide out of sight.","overconfident, easily intimidated","brave, resilient, confident, self-assured, bold, fearless, assertive"
"your energy's toxic, your talent is dead,
you live off the rumors inside of your head.","inconsiderate, gossipy, underperforming","considerate, thoughtful, caring, discreet, trustworthy, respectful, talented, capable, high-achieving"
"you talk about status and high-level clout,
while everyone watches your candle burn out.","attention-seeking, status-conscious","charismatic, outgoing, popular, successful, fashionable, high-status"
"you claim to be built out of concrete and brick,
then shatter to pieces from one little kick.",overconfident,"confident, self-assured, bold"
"you brag about options you hold in your hand,
while standing completely alone on the sand.","boastful, socially isolated","confident, proud, accomplished, social, well-connected, popular"
"your punchlines are stale and your setup is weak,
you lose all your confidence every time you speak.","overconfident, bad at comebacks","confident, self-assured, bold, witty, quick-witted, good at comebacks"
"you talk about glory and winning the prize,
while everyone sees through your transparent lies.",dishonest,"honest, truthful, trustworthy"
"you brag about wins from a long time ago,
because currently you have nothing to show.","boastful, all-talk-no-action, underperforming","confident, proud, accomplished, ambitious, driven, proactive, talented, capable, high-achieving"
"you check your reflection in every parked car,
to make sure you still look as lost as you are.",image-conscious,"stylish, fashionable, well-presented"
"you talk about patience like you are a sage,
then throw a wild tantrum when turning the page.","hypocritical, hot-tempered, impatient","patient, calm, principled, consistent, ethical, level-headed, passionate, strong-willed, easygoing"
"you claim that you're built for the marathon run,
then gasp for some air when the warm-up is done.","out-of-shape, fitness-obsessed","fit, athletic, active, disciplined"
"you bought all the gear and the high-end apparel,
to roll down the hill like an empty wooden barrel.",status-conscious,"successful, fashionable, high-status"
"you brag about diet and clean living choices,
while drowning in all of your internal voices.",boastful,"confident, proud, accomplished"
"you manage the project with micro control,
while losing complete track of every main goal.","controlling, disorganized, poor planner","organized, decisive, leader, detail-oriented, efficient, strategic, good planner, visionary"
"you speak like an expert on matters of tech,
then turn a basic setup right into a wreck.","overconfident, know-it-all","confident, self-assured, bold, smart, knowledgeable, intelligent"
"you claim you're a creature of night and domain,
then cry when it pours with a little bit of rain.","overconfident, oversensitive","confident, self-assured, bold, emotionally resilient, thick-skinned, composed"
"you flex your big muscles in front of the glass,
while failing to lift up a lightweight of brass.",boastful,"confident, proud, accomplished"
"you brag about taste and your culinary art,
while microwaving meals that are falling apart.","boastful, foodie, bad cook","confident, proud, accomplished, foodie, food lover, culinary enthusiast, good cook, chef, culinary"
"you dress for the winter in middle of may,
and wonder why everyone's walking away.",image-conscious,"stylish, fashionable, well-presented"
"you posture like wisdom is carved in your mind,
while leaving your car keys and wallet behind.","know-it-all, forgetful","smart, knowledgeable, intelligent, good memory, attentive, detail-oriented"
"you claim you're a master of diplomatic peace,
then yell at the waiter until the vibes cease.","overconfident, inconsiderate, rude, hot-tempered","patient, calm, polite, respectful, confident, self-assured, bold, considerate, thoughtful, caring, well-mannered, level-headed, passionate, strong-willed"
"you talk about focus and keeping things clear,
then drift out of thought every month of the year.",easily distracted,"focused, disciplined, attentive, productive"
"you wear every brand name from helmet to shoe,
to hide the simple truth that there's nothing in you.",easily intimidated,"brave, fearless, assertive"
"you brag about driving real fast down the track,
then stall at the green light and can't go back.",boastful,"confident, proud, accomplished"
"you claim to be fearless and ready for thrill,
then panic while walking up one little hill.","overconfident, easily intimidated","brave, resilient, confident, self-assured, bold, fearless, assertive"
"you preach about fitness and living real long,
then complain when the walk takes a minute too long.","hypocritical, complainer, fitness-obsessed","principled, consistent, ethical, positive, resilient, easygoing, fit, athletic, disciplined"
"you act like a critic of fine high art,
with thoughts that break down before they can start.",boastful,"confident, proud, accomplished"
"you boast of your speed when you type on the keys,
while sending out emails that beg on their knees.",boastful,"confident, proud, accomplished"
"you talk about loyalty, honor, and pride,
then look for an exit where you can go hide.","hypocritical, easily intimidated","trustworthy, loyal, principled, consistent, ethical, brave, fearless, assertive"
"you claim you're a polyglot, fluent and wise,
while stuttering words to tell simple small lies.","overconfident, poor communicator","confident, self-assured, bold, articulate, good communicator, expressive"
"you posture like steel that can never be cracked,
then crumble when asked for a simple basic fact.","overconfident, weak debater","confident, self-assured, bold, logical, persuasive, articulate"
"you brag about sleep that you get every night,
while waking up angry and looking to fight.","boastful, hypocritical","confident, proud, accomplished, principled, consistent, ethical"
"you act like a minimalist, simple and free,
while hoarding every gadget that you ever see.","messy, minimalist","organized, tidy, neat, minimalist, intentional"
"you claim to bring energy straight to the room,
then lower the vibe into shadow and gloom.",overconfident,"confident, self-assured, bold"
"you dress like a cowboy who lives on the range,
while panicking over a small pocket change.","image-conscious, easily intimidated","stylish, fashionable, well-presented, brave, fearless, assertive"
"you talk about networking everywhere you go,
while having no real friends to invite to a show.",socially isolated,"well-connected, social, popular"
"you pose like a gamer with ultimate skill,
while dying on level one standing stone still.","gamer, poor gamer","gamer, skilled gamer, strategic, competitive"
"you brag about coffee and artisanal beans,
while living beyond all your financial means.","boastful, pretentious, financially irresponsible, foodie, coffee-snob","confident, proud, accomplished, sophisticated, cultured, refined, financially savvy, good with money, frugal, foodie, food lover, culinary enthusiast, coffee lover, coffee expert"
"you claim you're a traveler, well-read and deep,
while putting the entire cabin to sleep.","overconfident, travel-obsessed","traveler, confident, self-assured, bold, well-traveled, adventurous"
"you posture like royalty sitting in state,
then complain that your dinner was two minutes late.","self-important, poor time management, complainer","leader, authoritative, influential, punctual, organized, good at time management, positive, resilient, easygoing"
"you talk about strategy, chess, and design,
then lose all your pieces in line after line.",competitive,"competitive, strategic, driven"
"you act like a pilot who conquers the sky,
while shivering scared when a pigeon flies by.",boastful,"confident, proud, accomplished"
"you claim to be punctual, accurate, right,
then show up on tuesday in middle of night.",overconfident,"confident, self-assured, bold"
"you brag about books that you claim that you read,
while keeping the summaries inside of your head.",boastful,"confident, proud, accomplished"
"you flex your expensive new phone in the air,
while calling for help 'cause you don't have a spare.","boastful, status-conscious","confident, proud, accomplished, successful, fashionable, high-status"
"you talk like a detective who solves every crime,
while failing to keep track of your own daily time.","boastful, poor time management","confident, proud, accomplished, punctual, organized, good at time management"
"you pose like a sailor who rules on the sea,
while getting sea-sick from a cup of hot tea.",boastful,"confident, proud, accomplished"
"you claim you're a rockstar with thousands of fans,
while cancelling all of your saturday plans.","overconfident, music-obsessed","confident, self-assured, bold, music lover, musical, musician"
"you posture like health is your primary goal,
while eating a donut directly from bowl.",foodie,"foodie, food lover, culinary enthusiast"
"you brag about silence and peace in your mind,
while leaving a noisy disturbance behind.",boastful,"patient, calm, confident, proud, accomplished"
"you act like a mentor who knows every way,
while getting lost driving on home every day.","know-it-all, poor sense of direction","smart, knowledgeable, intelligent, good sense of direction, well-oriented, adventurous"
"you claim to be spontaneous, wild, and bold,
then complain that the ac is two degrees cold.","overconfident, complainer","confident, self-assured, bold, positive, resilient, easygoing"
"you dress like a scholar from centuries past,
while finishing every test completely in last.","image-conscious, know-it-all, bookish","well-read, intellectual, stylish, fashionable, well-presented, smart, knowledgeable, intelligent, book lover"
"you talk about boundaries and personal space,
then stand two inches away from my face.",hypocritical,"principled, consistent, ethical"
"you boast about memory, sharp as a tack,
then forget where you left your own heavy backpack.","boastful, forgetful","confident, proud, accomplished, good memory, attentive, detail-oriented"
"you pose like an architect building the future,
while needing a doctor to give you a suture.",boastful,"confident, proud, accomplished"
"you claim you're an environmentalist pure,
while leaving your trash on the lawn to endure.",overconfident,"eco-conscious, responsible, confident, self-assured, bold"
"you posture like strength is your primary trait,
while struggling to open a small garden gate.","overconfident, underperforming, gardening-obsessed","confident, self-assured, bold, talented, capable, high-achieving, gardener, green thumb, nature lover"
"you talk like a stockbroker running the market,
while trying for twenty full minutes to park it.",finance-obsessed,"financially savvy, investor, finance expert"
"you brag about sleep, saying 'eight hours straight',
then snooze your alarm until quarter past eight.","boastful, hypocritical","confident, proud, accomplished, principled, consistent, ethical"
"you act like a judge who is fair and severe,
then change your whole verdict when someone gets near.","boastful, self-important","decisive, authoritative, confident, proud, accomplished, leader, influential"
"you claim you're a singer with pitch that is pure,
while hitting a note nobody can endure.","overconfident, music-obsessed","confident, self-assured, bold, music lover, musical, musician"
"you dress in neon to stand out in crowd,
then complain when the people are talking too loud.","attention-seeking, image-conscious, complainer","charismatic, outgoing, popular, stylish, fashionable, well-presented, positive, resilient, easygoing"
"you posture like destiny called on your line,
when it was just a telemarketer wasting your time.",lazy,"hardworking, productive, energetic"
"you talk about mindfulness, peace, and the soul,
then lose your whole cool over losing remote control.","hypocritical, hot-tempered, wellness-obsessed","patient, calm, principled, consistent, ethical, level-headed, passionate, strong-willed, health-conscious, mindful, wellness-focused"
"you boast about saving every single dime,
then borrow my stuff for the thousandth time.","boastful, inauthentic","confident, proud, accomplished, authentic, genuine, original"
"you act like a survivalist living in wild,
then cry over papercuts just like a child.",oversensitive,"emotionally resilient, thick-skinned, composed"
"you claim you're an influencer leading the trend,
while buying fake likes from a bot at the end.","overconfident, attention-seeking, inauthentic","popular, charismatic, influential, confident, self-assured, bold, outgoing, authentic, genuine, original"
"you pose like a boxer who's ready to spar,
then trip on the curb stepping out of your car.",clumsy,"coordinated, graceful, dexterous"
"you brag about poetry, rhythm, and verse,
while making your grammar look worse and then worse.","boastful, music-obsessed","confident, proud, accomplished, music lover, musical, musician"
"you talk about posture and keeping back straight,
while slouching in chairs at an alarming rate.",overconfident,"confident, self-assured, bold"
"you claim to be spiritual, elevated, high,
while rolled up in blankets and rolling your eye.","overconfident, pretentious, spiritual","confident, self-assured, bold, sophisticated, cultured, refined, spiritual, mindful, compassionate"
"you posture like danger surrounds your whole vibe,
while belonging to a very polite little tribe.",boastful,"confident, proud, accomplished"
"you dress like a detective from old vintage film,
while standing confused at the ship's steering helm.","image-conscious, pretentious, collector","collector, connoisseur, stylish, fashionable, well-presented, sophisticated, cultured, refined, passionate collector"
"you talk about organic and all-natural food,
then ruin the dinner with an awful bad mood.",wellness-obsessed,"health-conscious, mindful, wellness-focused"
"you boast about speed when you swim in the pool,
while splashing around like a silly old fool.","boastful, overconfident","confident, proud, accomplished, self-assured, bold"
"you act like a philosopher deep in your thought,
while forgetting the groceries that you just bought.","know-it-all, forgetful, bookish","well-read, intellectual, smart, knowledgeable, intelligent, good memory, attentive, detail-oriented, book lover"
"you claim you're a leader who takes total charge,
while steering a boat that is way too darn large.","overconfident, self-important","confident, self-assured, bold, leader, authoritative, influential"
"you pose like a model on paris runway,
then slip on a puddle and ruin your day.","boastful, image-conscious, clumsy","confident, proud, accomplished, stylish, fashionable, well-presented, coordinated, graceful, dexterous"
"you brag about mechanics and fixing a car,
while breaking the handle right off of the jar.","boastful, car-obsessed","confident, proud, accomplished, car enthusiast, mechanically skilled, automotive expert"
"you talk about meditation, keeping real calm,
then sweat through your shirts and sweat through your palm.","hypocritical, wellness-obsessed","patient, calm, principled, consistent, ethical, health-conscious, mindful, wellness-focused"
"you claim to be mysterious, dark, and severe,
while smiling at kittens whenever they're near.",overconfident,"confident, self-assured, bold"
"you posture like wealth is your middle real name,
while playing a free-to-play mobile phone game.",status-conscious,"successful, fashionable, high-status"
"you dress for a marathon, head-band and shoes,
to sit on the sofa and watch evening news.",fitness-obsessed,"fit, athletic, disciplined"
"you talk about karma and what goes around,
while throwing your litter right onto the ground.","hypocritical, spiritual","principled, consistent, ethical, spiritual, mindful, compassionate"
"you boast of your stamina, night after night,
then yawn at seven pm in plain light.",boastful,"confident, proud, accomplished"
"you act like a math genius, quick with the sum,
while counting on fingers and looking real dumb.","overconfident, know-it-all","confident, self-assured, bold, smart, knowledgeable, intelligent"
"you claim you're a minimalist living real lean,
while ordering stuff through a three-inch small screen.","overconfident, hypocritical, minimalist","confident, self-assured, bold, principled, consistent, ethical, minimalist, organized, intentional"
"you pose like a mountain climber reaching the peak,
while taking the elevator five times a week.","out-of-shape, fitness-obsessed, outdoorsy","athletic, fit, adventurous, outdoorsy, active, disciplined, nature lover"
"you brag about wine like a sommelier grand,
while holding a juice box right in your hand.","boastful, pretentious, drink-snob","confident, proud, accomplished, sophisticated, cultured, refined, beverage connoisseur, wine lover, cocktail expert"
"you talk about history, dates, and old kings,
while confusing the most basic obvious things.",know-it-all,"smart, knowledgeable, intelligent"
"you claim to be resilient, tough through the storm,
then complain that the water's a bit too warm.","overconfident, complainer","brave, resilient, confident, self-assured, bold, positive, easygoing"
"you posture like honor is written in blood,
then slip in a tiny small puddle of mud.",boastful,"trustworthy, loyal, confident, proud, accomplished"
"you dress like a rockstar from back in the day,
while asking your mom if you're allowed to go play.","image-conscious, immature, music-obsessed","stylish, fashionable, well-presented, mature, independent, responsible, music lover, musical, musician"
"you talk about focus and zero distraction,
while getting no progress and zero real action.","all-talk-no-action, easily distracted","focused, disciplined, ambitious, driven, proactive, attentive, productive"
"you boast of your comedy, sharp and so witty,
while making the whole room feel awkward and pity.","boastful, unfunny","confident, proud, accomplished, funny, humorous, witty"
"you act like a bodyguard guarding the door,
then drop all your keys right down on the floor.",clumsy,"coordinated, graceful, dexterous"
"you claim you're a historian versed in the past,
while finishing trivia dead in the last.",overconfident,"confident, self-assured, bold"
"you pose like a surgeon with delicate hand,
while spilling your soda all over the sand.",clumsy,"coordinated, graceful, dexterous"
"you brag about leather jackets, boots, and a bike,
while riding a scooter down on the bike hike.","boastful, cyclist","confident, proud, accomplished, cyclist, fit, endurance athlete"
"you talk about charity, giving away,
while asking for change every single work day.",hypocritical,"principled, consistent, ethical"
"you claim to be fluent in corporate speak,
while hiding in meetings three times a week.",overconfident,"confident, self-assured, bold"
"you posture like royalty, regal and proud,
while chewing your food way too messy and loud.","self-important, messy","leader, authoritative, influential, organized, tidy, neat"
"you dress like a winter athlete on the snow,
while shivering inside where the heaters all blow.","image-conscious, fitness-obsessed","athletic, fit, stylish, fashionable, well-presented, disciplined"
"you talk about craftsmanship, building by hand,
while failing to assemble a plastic tv stand.",underperforming,"talented, capable, high-achieving"
"you boast about instincts, sharp as a wolf,
while losing your ball in the grass playing golf.",boastful,"confident, proud, accomplished"
"you act like a captain who commands the whole crew,
while nobody listens to a word out of you.","overconfident, self-important","confident, self-assured, bold, leader, authoritative, influential"
"you claim you're an auditor checking the books,
while giving the numbers confused little looks.",overconfident,"confident, self-assured, bold"
"you pose like a monk who has given up pride,
while checking your phone for a uber taxiride.",boastful,"confident, proud, accomplished"
"you brag about interior design in your space,
while clutter is taking up all of the place.","boastful, messy","confident, proud, accomplished, organized, tidy, neat"
"you talk about stoicism, feeling no pain,
then cry over minor small drops of cold rain.","oversensitive, clumsy","emotionally resilient, thick-skinned, composed, coordinated, graceful, dexterous"
"you claim to be open-minded, thoughtful, and wise,
while rolling at every new topic your eyes.",overconfident,"confident, self-assured, bold"
"you posture like power flows out of your veins,
while dropping the umbrella out in the rains.","overconfident, clumsy","confident, self-assured, bold, coordinated, graceful, dexterous"
"you dress like a painter with brush and a smock,
while drawing a stick figure on a sidewalk chalk.","image-conscious, artsy, poor artist","stylish, fashionable, well-presented, artistic, creative, imaginative, talented artist"
"you talk about sleeping early, waking at dawn,
then sleeping till noon on your neighbor's front lawn.","hypocritical, lazy, poor time management","principled, consistent, ethical, hardworking, productive, energetic, punctual, organized, good at time management"
"you boast about negotiating great little deals,
while paying full price for your fast-food drive meals.",boastful,"confident, proud, accomplished"
"you act like an investigator checking the clue,
while having no idea what you're supposed to do.",boastful,"confident, proud, accomplished"
"you claim you're a foodie with elevated taste,
while letting three boxes of leftovers waste.","overconfident, pretentious, foodie","confident, self-assured, bold, sophisticated, cultured, refined, foodie, food lover, culinary enthusiast"
"you pose like a wrestler entering ring,
while failing to lift up a lightweight plastic thing.",boastful,"confident, proud, accomplished"
"you brag about high-speed internet and tech,
while leaving your desktop a disorganized wreck.",boastful,"confident, proud, accomplished"
"you talk about posture, confidence, and grace,
then trip on your shoelace in public space.","overconfident, clumsy","confident, self-assured, bold, coordinated, graceful, dexterous"
"you claim to be fearless when bugs are around,
then scream at a beetle that walks on the ground.",overconfident,"brave, resilient, confident, self-assured, bold"
"you posture like magic is right in your soul,
while dropping your scoop out of ice cream cold bowl.",clumsy,"coordinated, graceful, dexterous"
"you dress like an extra from sci-fi tv,
and wonder why nobody wants to agree.",image-conscious,"stylish, fashionable, well-presented"
"you talk about saving the world from its fate,
while sitting at home until extremely too late.",lazy,"hardworking, productive, energetic"
"you boast about cardio, lungs full of air,
then gasp taking steps up a short flight of stair.",boastful,"confident, proud, accomplished"
"you act like a diplomat resolving a dispute,
while wearing a wrinkled, unironed business suit.",image-conscious,"stylish, fashionable, well-presented"
"you claim you're a night owl, ruling the dark,
while falling asleep by five pm in the park.",overconfident,"confident, self-assured, bold"
"you pose like a speed-demon racing real fast,
while every small bicycle passes you last.",cyclist,"cyclist, fit, endurance athlete"
"you brag about gardening, growing green plants,
while killing a cactus by giving no chance.","boastful, gardening-obsessed","confident, proud, accomplished, gardener, green thumb, nature lover"
"you talk about balance and yoga real deep,
while falling right over and falling asleep.",clumsy,"coordinated, graceful, dexterous"
"you claim to be ruthless in business and trade,
while panicking over a small debt unpaid.","overconfident, easily intimidated, financially irresponsible","confident, self-assured, bold, brave, fearless, assertive, financially savvy, good with money, frugal"
"you posture like thunder is echoing loud,
while hiding away from a tiny storm cloud.","boastful, overconfident","confident, proud, accomplished, self-assured, bold"
"you dress like a sailor from high open sea,
while getting dizzy on a merry-go-round ride free.",image-conscious,"stylish, fashionable, well-presented"
"you talk about discipline, zero sugar or sweet,
then hide three candy bars under your seat.","hypocritical, music-obsessed","principled, consistent, ethical, music lover, musical, musician"
"you boast about photography, shooting the frame,
while blurry pictures are your only real claim.","boastful, photography-obsessed, poor photographer","confident, proud, accomplished, photographer, creative, visual storyteller, good photographer, artistic"
"you act like a professor with tenure and rank,
while having no money left inside of your bank.","self-important, know-it-all","leader, authoritative, influential, smart, knowledgeable, intelligent"
"you claim you're a sharpshooter, hitting the bull,
while throwing a dart that is clumsy and dull.","overconfident, clumsy","confident, self-assured, bold, coordinated, graceful, dexterous"
"you pose like a lifeguard standing on beach,
while keeping the floaties way out of your reach.",boastful,"confident, proud, accomplished"
"you brag about vintage vinyl, music so old,
while listening to songs that were recently sold.","boastful, pretentious, music-obsessed, collector","collector, connoisseur, confident, proud, accomplished, sophisticated, cultured, refined, music lover, musical, musician, passionate collector"
"you talk about productivity hacks for the mind,
while leaving your actual homework behind.",all-talk-no-action,"productive, hardworking, ambitious, driven, proactive"
"you claim to be tough, raised out on the street,
while complaining about how the sun brings the heat.","overconfident, complainer","brave, resilient, confident, self-assured, bold, positive, easygoing"
"you posture like a knight who is holding a shield,
then run from a goose in an open green field.",easily intimidated,"brave, fearless, assertive"
"you dress like a superstar heading to show,
while nobody in the facility seems to know.",image-conscious,"stylish, fashionable, well-presented"
"you talk about philosophy, plato, and thought,
while losing the argument that you just fought.",weak debater,"logical, persuasive, articulate"
"you boast about archery, pulling the bow,
while shooting the arrow ridiculously low.","boastful, outdoorsy","confident, proud, accomplished, outdoorsy, adventurous, nature lover"
"you act like a mechanic, fixing the gear,
while making the engine sound strange and real queer.",car-obsessed,"mechanic, car enthusiast, mechanically skilled, automotive expert"
"you claim you're a barista, brewing the cup,
while burning the coffee and messing it up.","overconfident, coffee-snob","barista, confident, self-assured, bold, coffee lover, coffee expert"
"you pose like a speed-skater gliding on ice,
while falling down hard on your bottom side twice.",boastful,"confident, proud, accomplished"
"you brag about camping, living outdoors,
then complain about sleeping without wooden floors.","boastful, complainer, outdoorsy","adventurous, outdoorsy, confident, proud, accomplished, positive, resilient, easygoing, nature lover"
"you talk about etiquette, manners, and class,
then knock over three different water full glass.","hypocritical, clumsy","polite, respectful, principled, consistent, ethical, coordinated, graceful, dexterous"
"you claim to be bold, making decisions real quick,
then taking three hours to pick out a movie flick.","overconfident, indecisive, cinephile","confident, self-assured, bold, decisive, confident decision-maker, efficient, cinephile, movie buff, film expert"
"you posture like a king with a kingdom so wide,
while sitting in backseat along for the ride.","overconfident, self-important","confident, self-assured, bold, leader, authoritative, influential"
"you dress like a detective from 1942,
and wonder why everyone's laughing at you.",image-conscious,"stylish, fashionable, well-presented"
"you talk about self-care, relaxing the mind,
while leaving a mountain of dishes behind.",outdoorsy,"adventurous, outdoorsy, nature lover"
"you boast about endurance, running ten mile,
then collapse on the grass after one single mile.","boastful, overconfident, out-of-shape","confident, proud, accomplished, self-assured, bold, fit, athletic, active"
"you act like an editor correcting the text,
while getting completely confused and perplexed.",boastful,"confident, proud, accomplished"
"you claim you're a locksmith, opening door,
while dropping your tools right down on the floor.","overconfident, clumsy","confident, self-assured, bold, coordinated, graceful, dexterous"
"you pose like a bodybuilder flex in the sun,
while quitting your workout before it's begun.","boastful, fitness-obsessed","confident, proud, accomplished, fit, athletic, disciplined"
"you brag about traveling, seeing the world,
while staying inside with your blankets all curled.",boastful,"confident, proud, accomplished"
"you talk about thrift stores, finding rare gold,
while buying cheap junk that is dusty and old.",collector,"collector, connoisseur, passionate collector"
"you claim to be sharp with a financial loan,
while losing your money on a cellular phone.",overconfident,"confident, self-assured, bold"
"you posture like a hero straight out of a comic,
while making decisions that are non-economic.",boastful,"confident, proud, accomplished"
"you dress like a chef with a hat on your head,
while burning a simple small slice of white bread.","image-conscious, foodie, bad cook","chef, stylish, fashionable, well-presented, foodie, food lover, culinary enthusiast, good cook, culinary"
"you talk about time management, planning the day,
while sleeping six hours of sunlight away.",poor time management,"organized, punctual, good at time management"
"you boast about karaoke, singing real loud,
while clearing the room of a terrified crowd.","boastful, music-obsessed","confident, proud, accomplished, music lover, musical, musician"
"you act like a referee calling the foul,
while dropping your whistle and starting to scowl.","overconfident, self-important, clumsy","confident, self-assured, bold, leader, authoritative, influential, coordinated, graceful, dexterous"
"you claim you're a botanist, knowing each tree,
while mistaking a bush for a bumblebee bee.",overconfident,"confident, self-assured, bold"
"you pose like a snowboarder hitting the jump,
then landing face first on a giant snow lump.","boastful, overconfident","confident, proud, accomplished, self-assured, bold"
"you brag about chess moves, playing grandmaster,
while leading your pieces to total disaster.","boastful, overconfident, competitive","confident, proud, accomplished, self-assured, bold, competitive, strategic, driven"
"you talk about minimalism, throwing out clutter,
while keeping twenty empty tubs of old butter.","hypocritical, messy, minimalist","principled, consistent, ethical, organized, tidy, neat, minimalist, intentional"
"you claim to be fearless when hiking a trail,
then scream at a tiny small slimy slow snail.","overconfident, outdoorsy","adventurous, outdoorsy, brave, resilient, confident, self-assured, bold, nature lover"
"you posture like an anchor presenting the news,
while stuttering over your own personal views.",poor communicator,"articulate, good communicator, expressive"
"you dress like a cyclist, helmet and gear,
while riding three miles just once in a year.","image-conscious, cyclist","stylish, fashionable, well-presented, cyclist, fit, endurance athlete"
"you talk about astrology, reading the star,
while driving your steering wheel into a bar.","bad driver, music-obsessed","good driver, careful, road-savvy, music lover, musical, musician"
"you boast about baking, making fresh pie,
while serving a crust that is salty and dry.","boastful, foodie","confident, proud, accomplished, foodie, food lover, culinary enthusiast"
"you act like a lifeguard guarding the pool,
while falling right in and looking like fool.",boastful,"confident, proud, accomplished"
"you claim you're a tailor, sewing the seam,
while ripping your pants in a virtual stream.","overconfident, crafty","confident, self-assured, bold, crafty, creative, maker"
"you pose like a musician, tuning guitar,
while playing one chord that is way off by far.",music-obsessed,"music lover, musical, musician"
"you brag about interior lighting and lamps,
while living in rooms that are dark, cold, and damp.",boastful,"confident, proud, accomplished"
"you talk about skincare, keeping face clean,
while glowing under blue light from a monitor screen.",wellness-obsessed,"health-conscious, mindful, wellness-focused"
"you claim to be street-smart, knowing the route,
while walking three blocks with a hole in your boot.",overconfident,"confident, self-assured, bold"
"you posture like an executive running the floor,
while getting your sleeve caught right in the door.",boastful,"confident, proud, accomplished"
"you dress like an explorer mapping the land,
while getting lost in a local grocery stand.","image-conscious, poor sense of direction","stylish, fashionable, well-presented, good sense of direction, well-oriented, adventurous"
"you talk about recycling, saving the earth,
while wasting more plastic than you're actually worth.",hypocritical,"eco-conscious, responsible, principled, consistent, ethical"
"you boast about swimming, diving down deep,
while staying in shallow end where toddlers creep.",boastful,"confident, proud, accomplished"
"you act like a jeweler, spotting fake gold,
while buying cheap plastic that's easily sold.",inauthentic,"authentic, genuine, original"
"you claim you're a handyman, fixing the sink,
while making the kitchen start badly to stink.","overconfident, DIY-obsessed","confident, self-assured, bold, handy, resourceful, diy enthusiast"
"you pose like a runner crossing finish line tape,
while losing your breath and your physical shape.",fitness-obsessed,"athletic, fit, disciplined"
"you brag about memory, remember every name,
while forgetting why into the kitchen you came.","boastful, forgetful","confident, proud, accomplished, good memory, attentive, detail-oriented"
"you talk about budgeting, saving your pay,
then buying three sneakers on same salary day.","hypocritical, financially irresponsible, finance-obsessed","principled, consistent, ethical, financially savvy, good with money, frugal, investor, finance expert"
"you claim to be calm under pressure and stress,
then turning a small minor issue to mess.","overconfident, hypocritical","patient, calm, confident, self-assured, bold, principled, consistent, ethical"
"you posture like a samurai holding a sword,
while looking completely distracted and bored.",easily distracted,"focused, attentive, productive"
"you dress like a hiker going up in the hill,
while sitting at home taking another nap pill.","image-conscious, lazy, outdoorsy","stylish, fashionable, well-presented, hardworking, productive, energetic, outdoorsy, adventurous, nature lover"
"you talk about cinema, directors, and film,
while falling asleep before reaching the realm.",cinephile,"cinephile, movie buff, film expert"
"you boast about bowling, scoring three hundred,
while throwing the ball where the gutter has thundered.","boastful, competitive","confident, proud, accomplished, competitive, strategic, driven"
"you act like an architect designing a wall,
while watching the blocks stumble down and all fall.",clumsy,"coordinated, graceful, dexterous"
"you claim you're a barista, making latte art,
while spilling the milk at the very first start.","overconfident, clumsy, coffee-snob","barista, confident, self-assured, bold, coordinated, graceful, dexterous, coffee lover, coffee expert"
"you pose like a pilot taking off runway,
while sitting in traffic for rest of the day.",boastful,"confident, proud, accomplished"
"you brag about gardening, planting red rose,
while getting an allergy sneeze in your nose.","boastful, gardening-obsessed","confident, proud, accomplished, gardener, green thumb, nature lover"
"you talk about podcasts, hosting a show,
while having zero listeners tuning below.","underperforming, poor communicator","talented, capable, high-achieving, articulate, good communicator, expressive"
"you claim to be confident, speaking on mic,
while whispering softly like kid on a bike.","overconfident, cyclist","confident, self-assured, bold, cyclist, fit, endurance athlete"
"you posture like a general leading the troop,
while getting lost inside a small chicken coop.",poor sense of direction,"good sense of direction, well-oriented, adventurous"
"you dress like a golfer on greens of the course,
while swinging your club with terrible force.",image-conscious,"stylish, fashionable, well-presented"
"you talk about hydration, drinking cold water,
while drinking three sodas like you really oughta.",wellness-obsessed,"health-conscious, mindful, wellness-focused"
"you boast about trivia, knowing each fact,
while failing to keep your own story intact.","boastful, weak debater","confident, proud, accomplished, logical, persuasive, articulate"
"you act like an accountant checking the fee,
while spending your savings on afternoon tea.",boastful,"confident, proud, accomplished"
"you claim you're a mechanic, changing the tire,
while setting the hubcap completely on fire.","overconfident, car-obsessed, bad mechanic","mechanic, confident, self-assured, bold, car enthusiast, mechanically skilled, automotive expert, handy, car expert"
"you pose like a dancer, doing a spin,
while tripping over rug and scraping your shin.",clumsy,"coordinated, graceful, dexterous"
"you brag about camping, lighting a fire,
while soaking the wood in a swampy old mire.","boastful, outdoorsy","adventurous, outdoorsy, confident, proud, accomplished, nature lover"
"you talk about discipline, reading one book,
while giving the cover a lazy small look.","hypocritical, lazy, bookish","principled, consistent, ethical, hardworking, productive, energetic, well-read, intellectual, book lover"
"you claim to be fearless of heights and the sky,
then shudder when stepping two feet up real high.",overconfident,"brave, resilient, confident, self-assured, bold"
"you posture like a maestro holding baton,
while playing a song that goes aimlessly on.","overconfident, music-obsessed","confident, self-assured, bold, music lover, musical, musician"
"you dress like a mountaineer, coat made of down,
while walking around in a warm coastal town.",image-conscious,"stylish, fashionable, well-presented"
"you talk about interior paint and design,
while painting way outside of every straight line.",artsy,"artistic, creative, imaginative"
"you boast about ping-pong, serving the ball,
while hitting the paddle right into the wall.",boastful,"confident, proud, accomplished"
"you act like a meteorologist predicting the rain,
while looking outside of a blurry windowpane.",boastful,"confident, proud, accomplished"
"you claim you're a barista, roasting the bean,
while serving the worst coffee anyone's seen.","overconfident, coffee-snob","barista, confident, self-assured, bold, coffee lover, coffee expert"
"you pose like a sprinter, taking the block,
while getting passed up by a guy on a walk.","boastful, underperforming, fitness-obsessed","confident, proud, accomplished, talented, capable, high-achieving, fit, athletic, disciplined"
"you brag about carpentry, building a chair,
while leaving two nails sticking out in the air.",boastful,"confident, proud, accomplished"
"you talk about patience when waiting in line,
then huffing and puffing every single second time.",hypocritical,"patient, calm, principled, consistent, ethical"
"you claim to be sharp with a sword or a knife,
while making the clumsy mistakes of your life.","overconfident, clumsy","confident, self-assured, bold, coordinated, graceful, dexterous"
"you posture like a model posing for mag,
while holding your clothes in a grocery bag.",boastful,"confident, proud, accomplished"
"you dress like a runner heading for track,
while lying on couch with a sore lower back.","image-conscious, lazy, fitness-obsessed","athletic, fit, stylish, fashionable, well-presented, hardworking, productive, energetic, disciplined"
"you talk about wisdom, advice for the young,
while tripping over words on your lazy big tongue.","lazy, know-it-all, clumsy","hardworking, productive, energetic, smart, knowledgeable, intelligent, coordinated, graceful, dexterous"
"you boast about archery, hitting target center,
while scaring away every guest who would enter.","boastful, outdoorsy","confident, proud, accomplished, outdoorsy, adventurous, nature lover"
"you act like a sommelier, tasting the wine,
while drinking cheap juice from a plastic green vine.","pretentious, drink-snob","sophisticated, cultured, refined, beverage connoisseur, wine lover, cocktail expert"
"you claim you're a mechanic, fixing the brake,
while making a costly and stupid mistake.","overconfident, car-obsessed, bad mechanic","mechanic, confident, self-assured, bold, car enthusiast, mechanically skilled, automotive expert, handy, car expert"
"you pose like a figure skater spinning around,
then slipping and crashing straight onto the ground.",clumsy,"coordinated, graceful, dexterous"
"you brag about board games, winning each round,
while losing the pieces that cannot be found.","boastful, competitive","confident, proud, accomplished, competitive, strategic, driven"
"you talk about minimalism, living with less,
while leaving your bedroom a giant big mess.","hypocritical, minimalist","principled, consistent, ethical, minimalist, organized, intentional"
"you claim to be tough, unyielding as stone,
then cry when you drop your expensive new phone.","overconfident, status-conscious, oversensitive, clumsy","brave, resilient, confident, self-assured, bold, successful, fashionable, high-status, emotionally resilient, thick-skinned, composed, coordinated, graceful, dexterous"
"you posture like a captain sailing the bay,
while losing your paddle and floating away.","overconfident, self-important","confident, self-assured, bold, leader, authoritative, influential"
"you dress like an astronaut heading for space,
while getting lost in a familiar place.","image-conscious, poor sense of direction","stylish, fashionable, well-presented, good sense of direction, well-oriented, adventurous"
"you talk about discipline, zero fast food,
then ordering pizza when in a bad mood.","hypocritical, foodie","principled, consistent, ethical, foodie, food lover, culinary enthusiast"
"you boast about singing, hitting high note,
while clearing your scratchy and terrible throat.","boastful, music-obsessed, poor musician","confident, proud, accomplished, music lover, musical, musician, talented musician, good singer"
"you act like a referee, enforcing the rule,
while acting like a silly and uneducated fool.","overconfident, self-important","confident, self-assured, bold, leader, authoritative, influential"
"you claim you're a gardener, growing fresh corn,
while stepping right onto a rose's sharp thorn.","overconfident, gardening-obsessed","confident, self-assured, bold, gardener, green thumb, nature lover"
"you pose like a surfer, riding the wave,
while washing ashore in a shallow salt cave.",outdoorsy,"outdoorsy, adventurous, nature lover"
"you brag about chess, playing defense,
while making no moves that make logical sense.","boastful, competitive","confident, proud, accomplished, competitive, strategic, driven"
"you talk about budgeting, saving for rent,
while regretting every single dollar you spent.","hypocritical, financially irresponsible, finance-obsessed","principled, consistent, ethical, financially savvy, good with money, frugal, investor, finance expert"
"you claim to be fearless when taking a test,
then guessing on answers along with the rest.",overconfident,"brave, resilient, confident, self-assured, bold"
"you posture like a monarch holding a orb,
while letting bad habits your brain all absorb.",boastful,"confident, proud, accomplished"
"you dress like a firefighter, ready for spark,
while running away from the dark in the park.","image-conscious, easily intimidated","stylish, fashionable, well-presented, brave, fearless, assertive"
"you talk about literature, poetry, prose,
while wiping your runny and sniffly nose.",bookish,"well-read, intellectual, book lover"
"you boast about badminton, hitting the shuttle,
while making your team's defense crumble and scuttle.",boastful,"confident, proud, accomplished"
"you act like a judge presiding in court,
while cutting your own legal argument short.","self-important, weak debater","decisive, authoritative, leader, influential, logical, persuasive, articulate"
"you claim you're a baker, making fresh bread,
while serving a loaf that feels heavy as lead.","overconfident, foodie","confident, self-assured, bold, foodie, food lover, culinary enthusiast"
"you pose like a sprinter, ready to start,
while breaking down at the very first part.","boastful, fitness-obsessed","confident, proud, accomplished, fit, athletic, disciplined"
"you brag about fishing, catching big bass,
while dropping your rod in the tall lake grass.","boastful, clumsy, outdoorsy","adventurous, outdoorsy, confident, proud, accomplished, coordinated, graceful, dexterous, nature lover"
"you talk about mindfulness, living in now,
while frowning and furrowing your big wrinkled brow.","hypocritical, wellness-obsessed","principled, consistent, ethical, health-conscious, mindful, wellness-focused"
"you claim to be sharp with a needle and thread,
while poking your finger until it turns red.","overconfident, clumsy, crafty","confident, self-assured, bold, coordinated, graceful, dexterous, crafty, creative, maker"
"you posture like a soldier marching in line,
while wasting your company's energy and time.",overconfident,"confident, self-assured, bold"
"you dress like a painter, holding palette,
while smashing your thumb with a wooden mallet.","image-conscious, artsy","stylish, fashionable, well-presented, artistic, creative, imaginative"
"you talk about sleep hygiene, bedtime at ten,
then scrolling on socials till four am again.","hypocritical, wellness-obsessed","principled, consistent, ethical, health-conscious, mindful, wellness-focused"
"you boast about pool, sinking eight ball,
while scratching the cue ball right into the wall.",boastful,"confident, proud, accomplished"
"you act like an electrician wiring the switch,
while causing a power outage with a small glitch.","boastful, overconfident","confident, proud, accomplished, self-assured, bold"
"you claim you're a mechanic, changing the oil,
while letting the engine overheat and boil.","overconfident, car-obsessed, bad mechanic","mechanic, confident, self-assured, bold, car enthusiast, mechanically skilled, automotive expert, handy, car expert"
"you pose like a gymnast landing on mat,
while falling flat down like a sleepy old cat.",boastful,"confident, proud, accomplished"
"you brag about hiking up steep mountain trail,
while sitting at home reading junk in your mail.","boastful, lazy, outdoorsy","adventurous, outdoorsy, confident, proud, accomplished, hardworking, productive, energetic, nature lover"
"you talk about manners, saying 'please' and 'thank you',
while cutting in line in front of the queue.","hypocritical, inconsiderate, rude","polite, respectful, principled, consistent, ethical, considerate, thoughtful, caring, well-mannered"
"you claim to be fearless of thunderstorms loud,
then hiding away from a fluffy white cloud.",overconfident,"brave, resilient, confident, self-assured, bold"
"you posture like an anchor reading the text,
while looking completely confused and perplexed.",boastful,"confident, proud, accomplished"
"you dress like a skier, goggles and vest,
while taking a three-hour afternoon rest.","image-conscious, fitness-obsessed, outdoorsy","adventurous, outdoorsy, stylish, fashionable, well-presented, fit, athletic, disciplined, nature lover"
"you talk about nutrition, eating green kale,
while eating potato chips out of a pail.","hypocritical, wellness-obsessed","principled, consistent, ethical, health-conscious, mindful, wellness-focused"
"you boast about darts, hitting bullseye,
while throwing the dart at a passing bluefly.",boastful,"confident, proud, accomplished"
"you act like an engineer building a bridge,
while failing to organize shelves in the fridge.","boastful, disorganized","analytical, problem-solver, confident, proud, accomplished, organized, detail-oriented, efficient"
"you claim you're a barista, making cold brew,
while serving a drink that tastes like old glue.","overconfident, coffee-snob","barista, confident, self-assured, bold, coffee lover, coffee expert"
"you pose like a track star running four-hundred,
while everyone wonders why you have blundered.","boastful, fitness-obsessed","confident, proud, accomplished, fit, athletic, disciplined"
"you brag about woodworking, building a desk,
while making a table that looks picturesque-ly grotesque.","boastful, underperforming, DIY-obsessed","confident, proud, accomplished, talented, capable, high-achieving, handy, resourceful, diy enthusiast"
"you talk about patience when teaching a skill,
then losing your temper and shouting up hill.","hypocritical, hot-tempered","patient, calm, principled, consistent, ethical, level-headed, passionate, strong-willed"
"you claim to be sharp at analyzing the stock,
while panicking over a tick of the clock.","overconfident, easily intimidated","confident, self-assured, bold, brave, fearless, assertive"
"you posture like a model posing on street,
while tripping over both of your oversized feet.",clumsy,"coordinated, graceful, dexterous"
"you dress like a hiker heading for wood,
while standing around in your suburban neighborhood.","image-conscious, outdoorsy","stylish, fashionable, well-presented, outdoorsy, adventurous, nature lover"
"you talk about wisdom, life lessons learned,
while burning the dinner that you should have turned.","know-it-all, bad cook","smart, knowledgeable, intelligent, good cook, chef, culinary"
"you boast about tennis, serving an ace,
while hitting the ball out of boundary space.",boastful,"confident, proud, accomplished"
"you act like a plumber fixing the pipe,
while complaining about every small minor gripe.",complainer,"positive, resilient, easygoing"
"you claim you're a cobbler repairing the shoe,
while sticking your fingers together with glue.",overconfident,"confident, self-assured, bold"
"you pose like a swimmer diving off block,
while landing belly-first with a terrible shock.",boastful,"confident, proud, accomplished"
"you brag about board games, strategic and smart,
while losing your temper right at the start.","boastful, hot-tempered, competitive","confident, proud, accomplished, calm, patient, level-headed, passionate, strong-willed, competitive, strategic, driven"
"you talk about minimalism, keeping desk clear,
while stacking up garbage for over a year.","hypocritical, messy, minimalist","principled, consistent, ethical, organized, tidy, neat, minimalist, intentional"
"you claim to be tough when getting a shot,
then crying before the doctor touches the spot.",overconfident,"brave, resilient, confident, self-assured, bold"
"you posture like a captain steering the boat,
while losing your life-vest and failing to float.","overconfident, self-important","confident, self-assured, bold, leader, authoritative, influential"
"you dress like an athlete heading for gym,
while sitting inside where the lights are all dim.","image-conscious, fitness-obsessed","athletic, fit, stylish, fashionable, well-presented, disciplined"
"you talk about discipline, zero sweet treats,
while hiding chocolate bars under your sheets.","hypocritical, music-obsessed","principled, consistent, ethical, music lover, musical, musician"
"you boast about singing, operatic and grand,
while getting booed off by the crowd in the stand.","boastful, music-obsessed, poor musician","confident, proud, accomplished, music lover, musical, musician, talented musician, good singer"
"you act like a referee calling the game,
while forgetting the player's basic real name.","overconfident, self-important, forgetful","confident, self-assured, bold, leader, authoritative, influential, good memory, attentive, detail-oriented"
"you claim you're a farmer, harvesting wheat,
while getting your boots stuck out in the heat.","overconfident, gardening-obsessed","confident, self-assured, bold, gardener, green thumb, nature lover"
"you pose like a surfer, catching big swell,
while falling right off with a loud clumsy yell.","clumsy, outdoorsy","coordinated, graceful, dexterous, outdoorsy, adventurous, nature lover"
"you brag about trivia, knowing old facts,
while failing at simple daily small acts.","boastful, weak debater","confident, proud, accomplished, logical, persuasive, articulate"
"you talk about budgeting, keeping costs down,
then buying three hats when you go into town.","hypocritical, financially irresponsible, finance-obsessed","principled, consistent, ethical, financially savvy, good with money, frugal, investor, finance expert"
"you claim to be brave when going to dentist,
while acting like a terrified little apprentice.",overconfident,"brave, resilient, confident, self-assured, bold"
"you posture like a monarch ruling the land,
while dropping your ice cream cone in the sand.",clumsy,"coordinated, graceful, dexterous"
"you dress like a firefighter, helmet real bright,
while running away from a tiny night light.","image-conscious, easily intimidated","stylish, fashionable, well-presented, brave, fearless, assertive"
"you talk about books, classic literature art,
while reading three pages before you depart.",bookish,"well-read, intellectual, book lover"
"you boast about volleyball, spiking the ball,
while hitting the net and letting it fall.",boastful,"confident, proud, accomplished"
"you act like a judge, severe in your court,
while cutting your own wise decision real short.","boastful, self-important","decisive, authoritative, confident, proud, accomplished, leader, influential"
"you claim you're a baker, making a cake,
while leaving it in till it burns like a stake.","overconfident, foodie, bad cook","confident, self-assured, bold, foodie, food lover, culinary enthusiast, good cook, chef, culinary"
"you pose like a runner, taking first stride,
while looking for a place where you can go hide.","easily intimidated, fitness-obsessed","athletic, fit, brave, fearless, assertive, disciplined"
"you brag about fishing, reeling the line,
while catching a boot for the tenth single time.","boastful, outdoorsy","adventurous, outdoorsy, confident, proud, accomplished, nature lover"
"you talk about meditation, finding inner peace,
then screaming at traffic until the horns cease.","hypocritical, wellness-obsessed","patient, calm, principled, consistent, ethical, health-conscious, mindful, wellness-focused"
"you claim to be good with a needle and thread,
while sewing your sleeve to your blanket instead.","overconfident, crafty","confident, self-assured, bold, crafty, creative, maker"
"you posture like a general leading the front,
while failing to execute a simple small stunt.",boastful,"confident, proud, accomplished"
"you dress like a painter, holding a brush,
while slapping on paint in a frantic big rush.","image-conscious, artsy, poor artist","stylish, fashionable, well-presented, artistic, creative, imaginative, talented artist"
"you talk about sleep, getting ten hours rest,
while waking up tired and feeling depressed.",wellness-obsessed,"health-conscious, mindful, wellness-focused"
"you boast about billiards, hitting bank shot,
while missing the table completely by a lot.",boastful,"confident, proud, accomplished"
"you act like an electrician fixing a wire,
while setting the toaster completely on fire.","boastful, overconfident","confident, proud, accomplished, self-assured, bold"
"you claim you're a mechanic, tuning engine,
while causing the car to start roughly revving.","overconfident, car-obsessed, bad mechanic","mechanic, confident, self-assured, bold, car enthusiast, mechanically skilled, automotive expert, handy, car expert"
"you pose like a gymnast, doing a flip,
while losing your footing and taking a slip.",boastful,"confident, proud, accomplished"
"you brag about hiking up high mountain trail,
while getting lost in your own backyard trail.","boastful, poor sense of direction, outdoorsy","adventurous, outdoorsy, confident, proud, accomplished, good sense of direction, well-oriented, nature lover"
"you talk about manners, sitting up straight,
while dropping your fork right off of your plate.","hypocritical, rude, clumsy","polite, respectful, principled, consistent, ethical, well-mannered, coordinated, graceful, dexterous"
"you claim to be fearless of spiders and bugs,
then jumping on chairs and screaming for hugs.",overconfident,"brave, resilient, confident, self-assured, bold"
"you posture like an anchor reading the news,
while mixing up all of your personal views.",boastful,"confident, proud, accomplished"
"you dress like a skier, jacket real warm,
while shivering inside during a light rain storm.","image-conscious, fitness-obsessed, outdoorsy","adventurous, outdoorsy, stylish, fashionable, well-presented, fit, athletic, disciplined, nature lover"
"you talk about health, drinking green juice,
while letting your lifestyle get messy and loose.","hypocritical, messy","principled, consistent, ethical, organized, tidy, neat"
"you boast about darts, hitting bullseye dead center,
while missing the board and hitting a renter.","boastful, underperforming","confident, proud, accomplished, talented, capable, high-achieving"
"you act like an engineer building a tower,
while losing your focus in less than an hour.",boastful,"analytical, problem-solver, focused, disciplined, confident, proud, accomplished"
"you claim you're a barista, making espresso,
while making a mess that is totally messy-o.","overconfident, coffee-snob","barista, confident, self-assured, bold, coffee lover, coffee expert"
"you pose like a sprinter, fast off the mark,
while getting tripped up by a leaf in the park.","clumsy, fitness-obsessed","coordinated, graceful, dexterous, fit, athletic, disciplined"
"you brag about carpentry, building a shelf,
while hitting your thumb and hurting yourself.",boastful,"confident, proud, accomplished"
"you talk about patience, waiting for turn,
then huffing with anger and showing concern.",hypocritical,"patient, calm, principled, consistent, ethical"
"you claim to be sharp at estimating cost,
while realizing your wallet is totally lost.","overconfident, forgetful","confident, self-assured, bold, good memory, attentive, detail-oriented"
"you posture like a model, walking the floor,
while bumping your shoulder right into the door.",boastful,"confident, proud, accomplished"
"you dress like a hiker, ready to roam,
while sitting at home watching tv at home.","image-conscious, lazy, outdoorsy","stylish, fashionable, well-presented, hardworking, productive, energetic, outdoorsy, adventurous, nature lover"
"you talk about wisdom, giving advice,
while making the same silly blunder real twice.",know-it-all,"smart, knowledgeable, intelligent"
"you boast about tennis, hitting backhand,
while hitting the ball far out in the sand.",boastful,"confident, proud, accomplished"
"you act like a plumber, clearing the drain,
while causing the pipe to flood out in the rain.",boastful,"confident, proud, accomplished"
"you claim you're a cobbler, fixing a heel,
while slipping around on a slick banana peel.","overconfident, clumsy","confident, self-assured, bold, coordinated, graceful, dexterous"
"you pose like a swimmer, diving real graceful,
while splashing the pool with an awkward face-full.",boastful,"confident, proud, accomplished"
"you brag about board games, master of strategy,
while losing your pieces to family tragedy.","boastful, overconfident, competitive","confident, proud, accomplished, self-assured, bold, competitive, strategic, driven"
"you talk about minimalism, clutter-free room,
while sweeping the dirt under rug with a broom.","hypocritical, messy, minimalist","principled, consistent, ethical, organized, tidy, neat, minimalist, intentional"
"you claim to be tough when taking a test,
while failing the answers along with the rest.",overconfident,"brave, resilient, confident, self-assured, bold"
"you posture like a captain sailing the sea,
while dropping the anchor on your own knee.","overconfident, self-important, clumsy","confident, self-assured, bold, leader, authoritative, influential, coordinated, graceful, dexterous"
"you dress like an athlete heading for track,
while lying in bed with a pain in your back.","image-conscious, lazy, out-of-shape, fitness-obsessed","athletic, fit, stylish, fashionable, well-presented, hardworking, productive, energetic, active, disciplined"
"you talk about discipline, zero junk food,
while eating three donuts in a bad mood.",hypocritical,"principled, consistent, ethical"
"you boast about singing, pitching so clear,
while hurting the ears of everyone near.","boastful, music-obsessed","confident, proud, accomplished, music lover, musical, musician"
"you act like a referee calling the game,
while making up rules that are silly and lame.","overconfident, self-important","confident, self-assured, bold, leader, authoritative, influential"
"you claim you're a farmer, planting the seed,
while growing nothing but useless green weed.","overconfident, gardening-obsessed","confident, self-assured, bold, gardener, green thumb, nature lover"
"you pose like a surfer, riding big wave,
while washing ashore in a dark salty cave.",outdoorsy,"outdoorsy, adventurous, nature lover"
"you brag about trivia, knowing each date,
while showing up forty-five minutes real late.","boastful, poor time management","confident, proud, accomplished, punctual, organized, good at time management"
"you talk about budgeting, saving your cash,
while throwing your money away on cheap trash.","hypocritical, financially irresponsible, finance-obsessed","principled, consistent, ethical, financially savvy, good with money, frugal, investor, finance expert"
"you claim to be brave at the dentist's office,
while shaking with fear like a scared little novice.",overconfident,"brave, resilient, confident, self-assured, bold"
"you posture like a king ruling the state,
while eating your meal off a cracked plastic plate.","overconfident, self-important","confident, self-assured, bold, leader, authoritative, influential"
"you dress like a firefighter, boots real shiny,
while running away from a spider real tiny.","image-conscious, easily intimidated","stylish, fashionable, well-presented, brave, fearless, assertive"
"you talk about books, reading classic literature,
while understanding none of the sentence structure.",bookish,"well-read, intellectual, book lover"
"you boast about volleyball, serving real hard,
while hitting the ball into neighbor's front yard.",boastful,"confident, proud, accomplished"
"you act like a judge, giving verdict severe,
while whispering softly so nobody can hear.","boastful, self-important, poor communicator","decisive, authoritative, confident, proud, accomplished, leader, influential, articulate, good communicator, expressive"
"you claim you're a baker, making sweet pie,
while burning the crust till it's black, hard, and dry.","overconfident, foodie, bad cook","confident, self-assured, bold, foodie, food lover, culinary enthusiast, good cook, chef, culinary"
"you pose like a runner, crossing line fast,
while finishing every single race in the last.",fitness-obsessed,"athletic, fit, disciplined"
"you brag about fishing, catching big trout,
while slipping on dock and falling right out.","boastful, clumsy, outdoorsy","adventurous, outdoorsy, confident, proud, accomplished, coordinated, graceful, dexterous, nature lover"
"you talk about meditation, inner calm mind,
while leaving a chaotic trail far behind.","hypocritical, wellness-obsessed","patient, calm, principled, consistent, ethical, health-conscious, mindful, wellness-focused"
"you claim to be good with a needle and thread,
while poking your thumb till it's swollen and red.","overconfident, clumsy, crafty","confident, self-assured, bold, coordinated, graceful, dexterous, crafty, creative, maker"
"you posture like a general leading the fight,
while hiding away in the middle of night.",boastful,"confident, proud, accomplished"
"you dress like a painter, holding a tray,
while spilling the paint all over the hallway.","image-conscious, clumsy, artsy","stylish, fashionable, well-presented, coordinated, graceful, dexterous, artistic, creative, imaginative"
"you talk about sleep, sleeping through night,
while waking up scared at the very first light.",easily intimidated,"brave, fearless, assertive"
"you boast about billiards, making shot clean,
while tearing the cloth on the pool table green.",boastful,"confident, proud, accomplished"
"you act like an electrician wiring the plug,
while getting a shock and dropping the mug.",clumsy,"coordinated, graceful, dexterous"
"you claim you're a mechanic, fixing the car,
while driving it zero miles before going far.","overconfident, car-obsessed","mechanic, confident, self-assured, bold, car enthusiast, mechanically skilled, automotive expert"
"you pose like a gymnast, landing on feet,
while tumbling down on the hard concrete street.",boastful,"confident, proud, accomplished"
"you brag about hiking up high mountain crest,
while taking a nap on a park bench to rest.","boastful, lazy, outdoorsy","adventurous, outdoorsy, confident, proud, accomplished, hardworking, productive, energetic, nature lover"
"you talk about manners, keeping real polite,
then starting a noisy unnecessary fight.","hypocritical, rude, hot-tempered","polite, respectful, principled, consistent, ethical, well-mannered, calm, patient, level-headed, passionate, strong-willed"
"you claim to be fearless of lightning in sky,
then running inside when a bird flies by.",overconfident,"brave, resilient, confident, self-assured, bold"
"you posture like an anchor reading the script,
while falling down stairs after someone has tripped.",clumsy,"coordinated, graceful, dexterous"
"you dress like a skier, coat thick and long,
while singing a winter song totally wrong.","image-conscious, music-obsessed, fitness-obsessed, outdoorsy","adventurous, outdoorsy, stylish, fashionable, well-presented, music lover, musical, musician, fit, athletic, disciplined, nature lover"
"you talk about health, eating organic green pea,
while getting stung on the nose by a bee.",hypocritical,"principled, consistent, ethical"
"you boast about darts, throwing with skill,
while hitting the wall and taking a spill.","boastful, clumsy","confident, proud, accomplished, coordinated, graceful, dexterous"
"you act like an engineer building a house,
while running away from a tiny small mouse.",easily intimidated,"analytical, problem-solver, brave, fearless, assertive"
"you claim you're a barista, making cold chai,
while spilling the milk and starting to cry.","overconfident, clumsy, coffee-snob","barista, confident, self-assured, bold, coordinated, graceful, dexterous, coffee lover, coffee expert"
"you pose like a sprinter, taking first stride,
while looking for place where you can go hide.","boastful, easily intimidated, fitness-obsessed","confident, proud, accomplished, brave, fearless, assertive, fit, athletic, disciplined"
"you brag about carpentry, making wooden box,
while hitting your toe through your heavy wool socks.",boastful,"confident, proud, accomplished"
"you talk about patience, waiting for bus,
then making a huge unnecessary fuss.",hypocritical,"patient, calm, principled, consistent, ethical"
"you claim to be sharp at guessing the price,
while paying double the amount real twice.",overconfident,"confident, self-assured, bold"
"you posture like a model, posing for view,
while wearing a shoe that is split right in two.",boastful,"confident, proud, accomplished"
"you dress like a hiker, backpack real grand,
while getting lost in a small patch of sand.","image-conscious, poor sense of direction, outdoorsy","stylish, fashionable, well-presented, good sense of direction, well-oriented, adventurous, outdoorsy, nature lover"
"you talk about wisdom, giving advice,
while falling for same old scam real twice.","know-it-all, gullible","smart, knowledgeable, intelligent, savvy, skeptical, street-smart"
"you boast about tennis, serving ball high,
while watching the ball fly straight to the sky.",boastful,"confident, proud, accomplished"
"you act like a plumber, fixing hot tap,
while getting drenched in a watery trap.",boastful,"confident, proud, accomplished"
"you claim you're a cobbler, fixing boot heel,
while slipping around on a banana peel.","overconfident, clumsy","confident, self-assured, bold, coordinated, graceful, dexterous"
"you pose like a swimmer, diving in pool,
while splashing around like a clumsy old fool.",clumsy,"coordinated, graceful, dexterous"
"you brag about board games, winning each match,
while dropping the pieces you failed to catch.","boastful, clumsy, competitive","confident, proud, accomplished, coordinated, graceful, dexterous, competitive, strategic, driven"
"you talk about minimalism, keeping house neat,
while sweeping the dust right under your feet.","hypocritical, minimalist","principled, consistent, ethical, minimalist, organized, intentional"
"you claim to be tough when taking a shot,
while crying real loud whether painful or not.",overconfident,"brave, resilient, confident, self-assured, bold"
"you posture like a captain steering the ship,
while losing your footing and taking a slip.","overconfident, self-important","confident, self-assured, bold, leader, authoritative, influential"
"you dress like an athlete, running the track,
while lying in bed with a sore lower back.","image-conscious, lazy, out-of-shape, fitness-obsessed","athletic, fit, stylish, fashionable, well-presented, hardworking, productive, energetic, active, disciplined"
"you talk about discipline, zero sweet treats,
while eating candy bars out on the streets.","hypocritical, music-obsessed","principled, consistent, ethical, music lover, musical, musician"
"you boast about singing, hitting high pitch,
while making your voice flip and cause a small glitch.","boastful, music-obsessed","confident, proud, accomplished, music lover, musical, musician"
"you act like a referee calling the foul,
while dropping your whistle and making a scowl.","overconfident, self-important, clumsy","confident, self-assured, bold, leader, authoritative, influential, coordinated, graceful, dexterous"
"you claim you're a farmer, growing red beet,
while getting your boots stuck out in the heat.","overconfident, gardening-obsessed","confident, self-assured, bold, gardener, green thumb, nature lover"
"you posture like a monarch ruling the state,
while eating your meal off a cracked plastic plate.",boastful,"confident, proud, accomplished"
"you dress like an athlete, running the track,
while lying in bed with a pain in your back.","image-conscious, lazy, out-of-shape, fitness-obsessed","athletic, fit, stylish, fashionable, well-presented, hardworking, productive, energetic, active, disciplined"
"you talk about discipline, zero junk food,
while eating candy bars out on the streets.","hypocritical, music-obsessed","principled, consistent, ethical, music lover, musical, musician"
"you drop five dollars on a fancy drink,
then leave your dirty dishes floating in the sink.",clumsy,"coordinated, graceful, dexterous"
"you blame the lag whenever you get beat,
then rage-quit standing on your own two feet.","hot-tempered, excuse-maker, sore loser, music-obsessed, gamer, poor gamer","calm, patient, level-headed, passionate, strong-willed, accountable, responsible, dependable, competitive, resilient, gracious, music lover, musical, musician"
"you cite a meme to prove your science point,
and manage to confuse the entire joint.",weak debater,"logical, persuasive, articulate"
"you talk about your crypto portfolio,
while sleeping on a mattress on the floor below.",finance-obsessed,"financially savvy, investor, finance expert"
"you wear a leather jacket in ninety-degree heat,
and sweat through your socks on the sidewalk street.",image-conscious,"stylish, fashionable, well-presented"
"you leave your friends on read for seven days,
then ask for favors in the weirdest ways.","unreliable, inconsiderate","reliable, dependable, responsible, considerate, thoughtful, caring"
"you play your phone speakers on a quiet train,
and give the whole carriage a headache pain.","inconsiderate, rude","considerate, thoughtful, caring, polite, respectful, well-mannered"
"you blame merc'ry retrograde for being rude,
while ruining the dinner with your awful mood.",excuse-maker,"accountable, responsible, dependable"
"you spend two hours picking out a shirt,
then drop your hot coffee in the garden dirt.","clumsy, coffee-snob, gardening-obsessed","coordinated, graceful, dexterous, coffee lover, coffee expert, barista, gardener, green thumb, nature lover"
"you give advice on how to raise a child,
while your own golden retriever is running wild.","hypocritical, underperforming, know-it-all","principled, consistent, ethical, talented, capable, high-achieving, smart, knowledgeable, intelligent"
"you flex your lease like you bought the car,
while searching for nickels in a tip jar.",boastful,"confident, proud, accomplished"
"you read the headline but skip the text,
and act super shocked by what happens next.",poor reading comprehension,"well-read, attentive reader, thorough, good reading comprehension"
"you put 'ceo' in your insta bio,
while selling used socks out of ohio.","self-important, attention-seeking, status-conscious","leader, authoritative, influential, charismatic, outgoing, popular, successful, fashionable, high-status"
"you boast about your high-level iq,
while failing to pull a door that says 'push' to you.",boastful,"confident, proud, accomplished"
"you post five selfies with a deep quote line,
while fishing for compliments all the time.","attention-seeking, image-conscious, outdoorsy","adventurous, outdoorsy, charismatic, outgoing, popular, stylish, fashionable, well-presented, nature lover"
"you talk about loyalty to the whole crew,
then gossip 'bout the guy sitting next to you.","hypocritical, untrustworthy, inconsiderate, rude, gossipy","trustworthy, loyal, principled, consistent, ethical, reliable, considerate, thoughtful, caring, polite, respectful, well-mannered, discreet"
"you double-dip chips at a party spread,
and wonder why everyone's faces turned red.","inconsiderate, rude","considerate, thoughtful, caring, polite, respectful, well-mannered"
"you complain about spoilers for a ten-year movie,
while acting like your taste is super groovy.","inconsiderate, rude, complainer, cinephile","considerate, thoughtful, caring, polite, respectful, well-mannered, positive, resilient, easygoing, cinephile, movie buff, film expert"
"you buy ten books just to deck your shelf,
and never read a single sentence yourself.",bookish,"well-read, intellectual, book lover"
"you bring a acoustic guitar to the beach,
and play the same three chords out of reach.",music-obsessed,"music lover, musical, musician"
"you claim you're a night owl living real dangerous,
then get a full meltdown from a minor change.",overconfident,"confident, self-assured, bold"
"you flex your green juice like a healthy health queen,
while smoking three cigarettes behind the screen.",boastful,"confident, proud, accomplished"
"you boast about how you don't care 'bout clout,
while checking your likes every time you walk out.","boastful, attention-seeking","confident, proud, accomplished, charismatic, outgoing, popular"
"you spoil the ending in the movie line,
and wonder why nobody asks you to dine.",cinephile,"cinephile, movie buff, film expert"
"you talk through the play from the front row seat,
and kick the chair back with your dirty feet.","inconsiderate, rude","considerate, thoughtful, caring, polite, respectful, well-mannered"
"you act like a wine snob at an open bar,
while drinking cheap box wine inside your car.","music-obsessed, drink-snob","music lover, musical, musician, beverage connoisseur, wine lover, cocktail expert"
"you order tap water then steal the bread,
and complain that the waiter wasn't well-bred.",complainer,"positive, resilient, easygoing"
"you brag about your high protein diet plan,
while eating four donuts out of a van.","boastful, fitness-obsessed","confident, proud, accomplished, fit, athletic, disciplined"
"you tell everyone that you're 'built different' mate,
while struggling to lift up a paper plate.","boastful, underperforming","confident, proud, accomplished, talented, capable, high-achieving"
"you claim you're an expert on global finance,
while relying on luck and a lucky chance.","overconfident, know-it-all","confident, self-assured, bold, smart, knowledgeable, intelligent"
"you text your ex 'i'm over you' at 2 am,
then cry when they don't send a text back to them.",oversensitive,"emotionally resilient, thick-skinned, composed"
"you review five stars for your own restaurant,
while serving cold soup that nobody would want.","foodie, bad cook","foodie, food lover, culinary enthusiast, good cook, chef, culinary"
"you brag about how fast your car can go,
then stall in the driveway moving real slow.",boastful,"confident, proud, accomplished"
"you wear shades indoors like a hollywood star,
and bump into tables at the local bar.","image-conscious, clumsy, music-obsessed","stylish, fashionable, well-presented, coordinated, graceful, dexterous, music lover, musical, musician"
"you call yourself humble in every tweet,
while demanding a throne on every street.",boastful,"confident, proud, accomplished"
"you act like a purist for vinyl sound,
while playing scratched records that you just found.",collector,"collector, connoisseur, passionate collector"
"you claim you're a minimalist living light,
while hoarding five boxes of trash in sight.","overconfident, hypocritical, messy, minimalist","confident, self-assured, bold, principled, consistent, ethical, organized, tidy, neat, minimalist, intentional"
"you correct everyone's grammar online,
while misspelling 'their' for the hundredth time.",know-it-all,"smart, knowledgeable, intelligent"
"you brag about how much you love to hike,
then complain about dirt on your brand-new nike.","boastful, complainer","confident, proud, accomplished, positive, resilient, easygoing"
"you act like a tough guy behind a screen,
while hiding in person where you can't be seen.",boastful,"brave, resilient, confident, proud, accomplished"
"you claim you're a master of pitch and tone,
while screaming off-key on your mobile phone.",overconfident,"confident, self-assured, bold"
"you name-drop celebrities you met once in line,
and pretend that you kick it together all the time.","inauthentic, clumsy","authentic, genuine, original, coordinated, graceful, dexterous"
"you boast about your high-end mechanical keyboard,
while typing three words per minute, lord.","boastful, status-conscious, tech-obsessed","confident, proud, accomplished, successful, fashionable, high-status, tech-savvy, gadget lover, early adopter"
"you claim you're a foodie with a refined palate,
while drenching your steak in a ketchup bucket.","overconfident, pretentious, foodie","confident, self-assured, bold, sophisticated, cultured, refined, foodie, food lover, culinary enthusiast"
"you act like a gym bro giving workout tips,
while curling two pounds with your trembling lips.","easily intimidated, fitness-obsessed","brave, fearless, assertive, fit, athletic, disciplined"
"you tell everyone that you hate all the drama,
while starting three fights with your own dear mama.","boastful, hypocritical, hot-tempered","confident, proud, accomplished, principled, consistent, ethical, calm, patient, level-headed, passionate, strong-willed"
"you brag about how you don't need sleep at night,
while yawning through meetings in broad daylight.",boastful,"confident, proud, accomplished"
"you claim you're a photographer with an artistic eye,
while taking blurry shots of a plain blue sky.","overconfident, photography-obsessed, poor photographer","photographer, confident, self-assured, bold, creative, visual storyteller, good photographer, artistic"
"you flex your designer bag on the city bus,
while making a scene and a huge big fuss.","boastful, image-conscious, status-conscious","confident, proud, accomplished, stylish, fashionable, well-presented, successful, high-status"
"you act like a cinephile, deep and profound,
while sleeping through movies with classic sound.","pretentious, cinephile","sophisticated, cultured, refined, cinephile, movie buff, film expert"
"you brag about how you can hold your liquor fine,
then pass out on the floor after one glass of wine.","boastful, underperforming, drink-snob","high alcohol tolerance, confident, proud, accomplished, talented, capable, high-achieving, beverage connoisseur, wine lover, cocktail expert"
"you claim you're a free spirit, unbothered and wild,
then pout over wi-fi like a toddler child.","overconfident, immature, oversensitive","independent, easygoing, carefree, confident, self-assured, bold, mature, responsible, emotionally resilient, thick-skinned, composed"
"you post 'stay grinding' from your bed at noon,
and wonder why success isn't coming real soon.","all-talk-no-action, lazy","productive, hardworking, ambitious, driven, proactive, energetic"
"you act like a tech guru, smart and elite,
while asking your kid how to clear your delete.","overconfident, know-it-all, tech-obsessed","confident, self-assured, bold, smart, knowledgeable, intelligent, tech-savvy, gadget lover, early adopter"
"you brag about your custom pc build specs,
while using it only to send your ex texts.","boastful, tech-obsessed","confident, proud, accomplished, tech-savvy, gadget lover, early adopter"
"you tell everyone you're a certified chef,
while burning hot water till the stove goes deaf.","boastful, foodie, bad cook","chef, confident, proud, accomplished, foodie, food lover, culinary enthusiast, good cook, culinary"
"you flex your sneaker collection on the floor,
while owing three months of rent at your door.","boastful, financially irresponsible, collector","confident, proud, accomplished, financially savvy, good with money, frugal, collector, connoisseur, passionate collector"
"you act like a stoic who feels no emotion,
then cry over spilled tea in the ocean.","oversensitive, clumsy","emotionally resilient, thick-skinned, composed, coordinated, graceful, dexterous"
"you claim you're a thrill-seeker, living on the edge,
while panicking stepping off a three-inch ledge.","overconfident, easily intimidated","confident, self-assured, bold, brave, fearless, assertive"
"you brag about your vintage denim jacket find,
while leaving the thrift store tags behind.","boastful, pretentious, collector","collector, connoisseur, confident, proud, accomplished, sophisticated, cultured, refined, passionate collector"
"you tell people you're fluent in sarcasm,
while missing the joke with a massive spasm.",unfunny,"funny, humorous, witty"
"you act like a pioneer in modern art,
while drawing smiley faces that fall apart.",boastful,"confident, proud, accomplished"
"you claim you're a marathon runner in form,
while taking three breaks during a light rainstorm.","overconfident, out-of-shape, fitness-obsessed","athletic, fit, confident, self-assured, bold, active, disciplined"
"you brag about your sharp instincts as a detective,
while missing the main point of the whole objective.",boastful,"confident, proud, accomplished"
"you flex your smart watch with a fitness goal,
while taking ten steps to the chip dip bowl.","boastful, fitness-obsessed, tech-obsessed","confident, proud, accomplished, fit, athletic, disciplined, tech-savvy, gadget lover, early adopter"
"you act like a fashion icon on the street,
while wearing two different socks on your feet.",image-conscious,"stylish, fashionable, well-presented"
"you claim you're a life coach with answers for all,
while watching your own life hit a brick wall.",overconfident,"confident, self-assured, bold"
"you brag about how you're so hard to replace,
while nobody notices you left the place.",boastful,"confident, proud, accomplished"
"you tell everyone you're an acoustic fan,
while playing 'wonderwall' as fast as you can.",boastful,"confident, proud, accomplished"
"you act like a jet-setter, living in flight,
while getting sea-sick on a ferry at night.",travel-obsessed,"well-traveled, adventurous, traveler"
"you claim you're a master of board game rules,
while flipping the table like angry fools.","overconfident, competitive","confident, self-assured, bold, competitive, strategic, driven"
"you flex your expensive mechanical watch face,
while showing up an hour late to the place.","boastful, status-conscious, poor time management","confident, proud, accomplished, successful, fashionable, high-status, punctual, organized, good at time management"
"you act like a barista with coffee beans rare,
while serving instant coffee with a blank stare.",coffee-snob,"barista, coffee lover, coffee expert"
"you brag about how you're a self-made man,
while living on your parents' allowance plan.",boastful,"confident, proud, accomplished"
"you claim you're an environmental activist true,
while buying plastic bottles every hour or two.","overconfident, hypocritical","confident, self-assured, bold, principled, consistent, ethical"
"you flex your ring light for a live video,
while zero viewers tune into your little show.","boastful, music-obsessed","confident, proud, accomplished, music lover, musical, musician"
"you act like a mechanic who knows every part,
while putting windshield washer fluid in the engine heart.","car-obsessed, bad mechanic","mechanic, car enthusiast, mechanically skilled, automotive expert, handy, car expert"
"you brag about how you're a visionary lead,
while struggling to plant a simple sunflower seed.","boastful, overconfident, underperforming","visionary, strategic, confident, proud, accomplished, self-assured, bold, talented, capable, high-achieving"
"you tell everyone you're an alpha dog male,
while running from a poodle with a wagging tail.","boastful, easily intimidated","confident, proud, accomplished, brave, fearless, assertive"
"you act like a ghostwriter for famous rap stars,
while writing nursery rhymes behind bars.",music-obsessed,"music lover, musical, musician"
"you claim you're a matchmaker setting up dates,
while sitting single with three empty plates.",overconfident,"confident, self-assured, bold"
"you flex your gold chain like a million-dollar king,
while turning your neck green with a cheap fake ring.","boastful, self-important, inauthentic","confident, proud, accomplished, leader, authoritative, influential, authentic, genuine, original"
"you act like a mixologist crafting fine drinks,
while mixing fruit punch until the whole cup stinks.",drink-snob,"beverage connoisseur, wine lover, cocktail expert"
"you brag about how you never lose your cool,
then yell at a toaster like a silly old fool.","boastful, hypocritical, hot-tempered","confident, proud, accomplished, principled, consistent, ethical, calm, patient, level-headed, passionate, strong-willed"
"you claim you're a historian with facts galore,
while mixing up world war one and world war four.","overconfident, weak debater","confident, self-assured, bold, logical, persuasive, articulate"
"you flex your workout supplements on the shelf,
while using them as powdered dust on yourself.","boastful, fitness-obsessed","confident, proud, accomplished, fit, athletic, disciplined"
"you act like a trendsetter in music taste,
while listening to songs that are generic waste.",music-obsessed,"music lover, musical, musician"
"you brag about your high-speed gaming mouse,
while getting beat by a casual player in the house.","boastful, music-obsessed, tech-obsessed, gamer, poor gamer","confident, proud, accomplished, music lover, musical, musician, tech-savvy, gadget lover, early adopter, gamer, skilled gamer, strategic, competitive"
"you tell everyone you're a master of debate,
while yelling 'shut up' at an alarming rate.","boastful, overconfident","confident, proud, accomplished, self-assured, bold"
"you act like a travel blogger exploring the globe,
while never leaving home without your bathrobe.",travel-obsessed,"well-traveled, adventurous, traveler"
"you claim you're a spiritual healer of souls,
while losing your temper over missed football goals.","overconfident, hot-tempered, spiritual","confident, self-assured, bold, calm, patient, level-headed, passionate, strong-willed, spiritual, mindful, compassionate"
"you flex your crypto wallet on social media feeds,
while begging for five bucks for your daily needs.","boastful, attention-seeking, forgetful, financially irresponsible, finance-obsessed","confident, proud, accomplished, charismatic, outgoing, popular, good memory, attentive, detail-oriented, financially savvy, good with money, frugal, investor, finance expert"
"you act like a survival expert in the wild,
while crying over mosquitoes like a tiny child.","overconfident, know-it-all","confident, self-assured, bold, smart, knowledgeable, intelligent"
"you brag about your rare vintage comic books,
while giving real literature confused little looks.","boastful, pretentious, bookish, collector","collector, connoisseur, confident, proud, accomplished, sophisticated, cultured, refined, well-read, intellectual, book lover, passionate collector"
"you tell people you're an interior designer grand,
while putting plastic flamingoes in the yard sand.","image-conscious, status-conscious, artsy","stylish, fashionable, well-presented, successful, high-status, artistic, creative, imaginative"
"you act like a dj dropping heavy bass beats,
while fading out songs on crowded main streets.","clumsy, music-obsessed","dj, coordinated, graceful, dexterous, music lover, musical, musician"
"you claim you're a car enthusiast driving slick,
while taking thirty minutes to parallel park real quick.","overconfident, car-obsessed","confident, self-assured, bold, car enthusiast, mechanically skilled, automotive expert"
"you flex your mechanical keyboard sound real loud,
while typing one finger in front of the crowd.","boastful, tech-obsessed","confident, proud, accomplished, tech-savvy, gadget lover, early adopter"
"you act like a sommelier sipping vintage red,
while drinking grape juice out of a jar instead.","pretentious, drink-snob, collector","collector, connoisseur, sophisticated, cultured, refined, beverage connoisseur, wine lover, cocktail expert, passionate collector"
"you brag about how you're a master of focus,
while getting distracted by a hocus-pocus.","boastful, overconfident, easily distracted","focused, disciplined, confident, proud, accomplished, self-assured, bold, attentive, productive"
"you tell everyone you're a professional gamer,
while every round you play just gets tamer and tamer.","boastful, overconfident, gamer, poor gamer","confident, proud, accomplished, self-assured, bold, gamer, skilled gamer, strategic, competitive"
"you act like a gourmet baker making sourdough,
while baking a brick out of soggy dough.","pretentious, foodie, bad cook","sophisticated, cultured, refined, foodie, food lover, culinary enthusiast, good cook, chef, culinary"
"you claim you're an influencer with brand deals galore,
while getting free stickers at the dollar store.","overconfident, attention-seeking","popular, charismatic, influential, confident, self-assured, bold, outgoing"
"you flex your wireless earbuds everywhere you go,
while singing out loud to a radio show.","boastful, music-obsessed, tech-obsessed","confident, proud, accomplished, music lover, musical, musician, tech-savvy, gadget lover, early adopter"
"you act like a pilot navigation queen,
while getting lost using google maps on screen.",poor sense of direction,"good sense of direction, well-oriented, adventurous"
"you brag about your high-altitude hiking trip,
while slipping on the sidewalk and taking a dip.","boastful, clumsy, outdoorsy","adventurous, outdoorsy, confident, proud, accomplished, coordinated, graceful, dexterous, nature lover"
"you tell people you're an expert in real estate,
while living in a basement at a cheap rate.","overconfident, know-it-all, finance-obsessed","confident, self-assured, bold, smart, knowledgeable, intelligent, financially savvy, investor, finance expert"
"you act like a philosopher pondering life,
while starting arguments with your own knife.","know-it-all, bookish","well-read, intellectual, smart, knowledgeable, intelligent, book lover"
"you claim you're a master of hand-to-hand combat,
while losing a fight to a tiny welcome mat.",overconfident,"confident, self-assured, bold"
"you flex your ergonomic office desk chair,
while slouching like a sack of potatoes sitting there.","boastful, tech-obsessed","confident, proud, accomplished, tech-savvy, gadget lover, early adopter"
"you act like a movie critic reviewing the plot,
while missing the main point whether obvious or not.",cinephile,"cinephile, movie buff, film expert"
"you brag about your high-end gaming headset mic,
while breathing real loud like a kid on a bike.","boastful, status-conscious, tech-obsessed, gamer, cyclist","confident, proud, accomplished, successful, fashionable, high-status, tech-savvy, gadget lover, early adopter, gamer, skilled gamer, strategic, cyclist, fit"
"you tell everyone you're a minimalist artist,
while painting plain white and calling it smartest.","boastful, artsy, poor artist, minimalist","confident, proud, accomplished, artistic, creative, imaginative, talented artist, minimalist, organized, intentional"
"you act like a financial planner managing cash,
while spending your paycheck on instant lottery trash.",stationery-obsessed,"organized, stationery lover, planner"
"you claim you're a master of meditation and peace,
while honking your horn until the traffic sounds cease.","overconfident, hot-tempered, wellness-obsessed","patient, calm, confident, self-assured, bold, level-headed, passionate, strong-willed, health-conscious, mindful, wellness-focused"
"you flex your standing desk like a productivity boss,
while standing around taking a total net loss.","boastful, self-important","productive, hardworking, confident, proud, accomplished, leader, authoritative, influential"
"you act like a cocktail expert at every party event,
while spilling cheap vodka on carpet unmeant.","overconfident, know-it-all, clumsy, drink-snob","confident, self-assured, bold, smart, knowledgeable, intelligent, coordinated, graceful, dexterous, beverage connoisseur, wine lover, cocktail expert"
"you brag about how you're an early morning riser,
while waking up grouchy and looking no wiser.",boastful,"confident, proud, accomplished"
"you tell people you're a master of interior light,
while sitting in darkness in middle of night.",overconfident,"confident, self-assured, bold"
"you act like a professional bowler throwing strikes,
while throwing gutter balls that nobody likes.","overconfident, underperforming, competitive","confident, self-assured, bold, talented, capable, high-achieving, competitive, strategic, driven"
"you claim you're a street photographer taking raw shots,
while taking blurry pictures of empty parking lots.","overconfident, photography-obsessed, poor photographer","photographer, confident, self-assured, bold, creative, visual storyteller, good photographer, artistic"
"you flex your smart home gadgets on every single wall,
while yelling at alexa because she won't take a call.","boastful, hot-tempered, tech-obsessed","confident, proud, accomplished, calm, patient, level-headed, passionate, strong-willed, tech-savvy, gadget lover, early adopter"
"you act like a coffee connoisseur drinking espresso,
while adding five spoons of sugar to make it less messy-o.","pretentious, coffee-snob","sophisticated, cultured, refined, coffee lover, coffee expert, barista"
"you brag about your high-end noise cancelling phones,
while ignoring your friends' polite conversation tones.","boastful, status-conscious, tech-obsessed","confident, proud, accomplished, successful, fashionable, high-status, tech-savvy, gadget lover, early adopter"
"you tell everyone you're a master of diy craft,
while building a table that looks like a raft.","boastful, overconfident, DIY-obsessed","confident, proud, accomplished, self-assured, bold, handy, resourceful, diy enthusiast"
"you act like a speed skater gliding real fast,
while stumbling on ice and finishing dead last.","clumsy, fitness-obsessed","coordinated, graceful, dexterous, fit, athletic, disciplined"
"you claim you're an urban gardener growing fresh thyme,
while killing a plant in record-breaking time.","overconfident, gardening-obsessed","confident, self-assured, bold, gardener, green thumb, nature lover"
"you flex your designer sunglasses inside the mall,
while bumping your shoulder right into the wall.","boastful, image-conscious, status-conscious","confident, proud, accomplished, stylish, fashionable, well-presented, successful, high-status"
"you act like a podcast host with opinions so deep,
while putting your two single listeners to sleep.",boastful,"good communicator, knowledgeable, confident, proud, accomplished"
"you brag about your high-speed internet fiber line,
while getting disconnected for the tenth single time.",boastful,"confident, proud, accomplished"
"you tell people you're an expert in antique furniture,
while buying cheap plastic from a modern store venture.","overconfident, know-it-all","confident, self-assured, bold, smart, knowledgeable, intelligent"
"you act like a marathon runner crossing the line,
while taking a cab for mile eight and mile nine.",fitness-obsessed,"athletic, fit, disciplined"
"you claim you're a master of chess tactic moves,
while losing your queen in five simple grooves.","overconfident, competitive","confident, self-assured, bold, competitive, strategic, driven"
"you flex your multi-tool pocket knife everywhere you tread,
while struggling to cut a simple slice of white bread.","boastful, underperforming","confident, proud, accomplished, talented, capable, high-achieving"
"you act like a nutritionist planning clean meals,
while eating fried chicken with passionate squeals.",boastful,"confident, proud, accomplished"
"you brag about your vintage leather boots from the store,
while getting bad blisters after walking ten yards or more.","boastful, pretentious, collector","collector, connoisseur, confident, proud, accomplished, sophisticated, cultured, refined, passionate collector"
"you tell everyone you're an expert in board game design,
while making up rules as you play line by line.","boastful, overconfident, know-it-all, competitive","confident, proud, accomplished, self-assured, bold, smart, knowledgeable, intelligent, competitive, strategic, driven"
"you act like a master carpenter building a desk,
while making a bench that is purely grotesque.","overconfident, underperforming, DIY-obsessed","confident, self-assured, bold, talented, capable, high-achieving, handy, resourceful, diy enthusiast"
"you claim you're a drone pilot shooting 4k view,
while crashing your drone into a chimney flue.",overconfident,"confident, self-assured, bold"
"you flex your high-end espresso machine on the bar,
while drinking cheap diner coffee inside of your car.","boastful, status-conscious, music-obsessed, coffee-snob","confident, proud, accomplished, successful, fashionable, high-status, music lover, musical, musician, coffee lover, coffee expert, barista"
"you act like a wilderness scout setting up camp,
while needing three blankets because the grass is too damp.",boastful,"confident, proud, accomplished"
"you brag about your electric vehicle battery range,
while waiting six hours at a station for change.",boastful,"confident, proud, accomplished"
"you tell people you're an expert in vintage vinyl wax,
while storing your records in melting plastic stacks.","overconfident, know-it-all, pretentious, collector","collector, connoisseur, confident, self-assured, bold, smart, knowledgeable, intelligent, sophisticated, cultured, refined, passionate collector"
"you act like a speed reader finishing books in an hour,
while missing the plot and the main character's power.","overconfident, self-important, underperforming, bookish, poor reading comprehension","fast reader, well-read, confident, self-assured, bold, leader, authoritative, influential, talented, capable, high-achieving, intellectual, book lover, attentive reader"
"you claim you're a master of cocktail garnishes neat,
while dropping an olive on your dirty socks feet.","overconfident, clumsy, drink-snob","confident, self-assured, bold, coordinated, graceful, dexterous, beverage connoisseur, wine lover, cocktail expert"
"you flex your curved gaming monitor display real wide,
while playing basic solitaire with nowhere to hide.","boastful, tech-obsessed, gamer, poor gamer","confident, proud, accomplished, tech-savvy, gadget lover, early adopter, gamer, skilled gamer, strategic, competitive"
"you act like a master of tea ceremonies grand,
while burning your tongue with a mug in your hand.",overconfident,"confident, self-assured, bold"
"you brag about your high-end road bicycle frame,
while riding with training wheels, what a big shame.","boastful, status-conscious, cyclist","confident, proud, accomplished, successful, fashionable, high-status, cyclist, fit, endurance athlete"
"you tell everyone you're an expert in acoustic sound,
while putting your speakers straight onto the ground.","boastful, overconfident, know-it-all","confident, proud, accomplished, self-assured, bold, smart, knowledgeable, intelligent"
"you act like a gourmet pizza chef tossing the dough,
while dropping the crust on the floor down below.","pretentious, clumsy, foodie, bad cook","chef, sophisticated, cultured, refined, coordinated, graceful, dexterous, foodie, food lover, culinary enthusiast, good cook, culinary"
"you claim you're a master of public speaking art,
while stuttering over your words right at the start.","overconfident, poor communicator","confident, self-assured, bold, articulate, good communicator, expressive"
"you flex your smart thermostat setting the degree,
while shivering inside wrapped up like a mummy, see.","boastful, tech-obsessed","confident, proud, accomplished, tech-savvy, gadget lover, early adopter"
"you act like a vintage watch collector buying rare dials,
while buying fake knockoffs across foreign miles.","inauthentic, poser, pretentious, collector","collector, connoisseur, authentic, genuine, original, sophisticated, cultured, refined, passionate collector"
"you brag about your high-altitude mountain climbing gear,
while sweating taking steps up the porch in the rear.","boastful, fitness-obsessed, outdoorsy","adventurous, outdoorsy, confident, proud, accomplished, fit, athletic, disciplined, nature lover"
"you tell people you're a master of sourdough starter yeast,
while making a loaf that feeds neither man nor beast.","overconfident, pretentious, foodie","confident, self-assured, bold, sophisticated, cultured, refined, foodie, food lover, culinary enthusiast"
"you act like an astronomer tracking the night stars,
while mistaking a passing street lamp for mars.",boastful,"confident, proud, accomplished"
"you claim you're a master of calligraphy writing lines,
while making your letters look like crooked old signs.",overconfident,"confident, self-assured, bold"
"you flex your high-end leather journal notebook binding,
while leaving the pages empty, no thoughts finding.","boastful, status-conscious, stationery-obsessed","confident, proud, accomplished, successful, fashionable, high-status, organized, stationery lover, planner"
"you act like a craft beer brewer mixing hops and grain,
while making a beverage that tastes like dirty rain.",boastful,"confident, proud, accomplished"
"you brag about your high-speed electric skateboard ride,
while falling off face-first with nowhere to hide.","boastful, clumsy","confident, proud, accomplished, coordinated, graceful, dexterous"
"you tell everyone you're an expert in vintage clothing styles,
while wearing moth-eaten coats across city miles.","boastful, overconfident, know-it-all, pretentious, collector","collector, connoisseur, confident, proud, accomplished, self-assured, bold, smart, knowledgeable, intelligent, sophisticated, cultured, refined, passionate collector"
"you act like a master of sushi rolling technique,
while making a rice roll that looks totally weak.","overconfident, foodie","confident, self-assured, bold, foodie, food lover, culinary enthusiast"
"you claim you're an urban explorer finding cool spots,
while trespassing in dirty abandoned lots.",overconfident,"confident, self-assured, bold"
"you flex your mechanical pencil with extra fine lead,
while snapping the tip off before a word is said.","boastful, stationery-obsessed","confident, proud, accomplished, organized, stationery lover, planner"
"you act like a master of backyard barbecue smoke,
while turning raw brisket into black burnt oak.","overconfident, foodie, bad cook","confident, self-assured, bold, foodie, food lover, culinary enthusiast, good cook, chef, culinary"
"you brag about your high-end fountain pen ink flow,
while leaking blue stains everywhere that you go.","boastful, status-conscious, stationery-obsessed, collector","confident, proud, accomplished, successful, fashionable, high-status, organized, stationery lover, planner, collector, connoisseur, passionate collector"
"you tell people you're an expert in interior paint hues,
while picking two colors that nobody would choose.","overconfident, know-it-all","confident, self-assured, bold, smart, knowledgeable, intelligent"
"you act like a master of origami folding paper sheets,
while crumpling up pages in total defeats.",overconfident,"confident, self-assured, bold"
"you claim you're an endurance cyclist riding fifty miles,
while taking five naps between country road stiles.","overconfident, cyclist","confident, self-assured, bold, cyclist, fit, endurance athlete"
"you flex your smart door lock with fingerprint scan,
while getting locked out because the battery ran.","boastful, tech-obsessed","confident, proud, accomplished, tech-savvy, gadget lover, early adopter"
"you act like a master of artisanal cheese aging,
while leaving moldy cheddar on counters engaging.","overconfident, pretentious, foodie","confident, self-assured, bold, sophisticated, cultured, refined, foodie, food lover, culinary enthusiast"
"you brag about your high-performance running shoes sole,
while walking three blocks to buy a sweet jelly roll.","boastful, out-of-shape, fitness-obsessed","confident, proud, accomplished, fit, athletic, active, disciplined"
"you tell everyone you're an expert in vintage film cameras,
while ruining exposures with light leak stammeras.","boastful, overconfident, know-it-all, pretentious, collector","collector, connoisseur, confident, proud, accomplished, self-assured, bold, smart, knowledgeable, intelligent, sophisticated, cultured, refined, passionate collector"
"you act like a master of latte art milk foam pouring,
while making a blob that is totally boring.","overconfident, coffee-snob","confident, self-assured, bold, coffee lover, coffee expert, barista"
"you claim you're a professional escape room solver genius,
while taking two hours to find a key between us.","overconfident, know-it-all","confident, self-assured, bold, smart, knowledgeable, intelligent"
"you flex your high-end gaming desk chair lumbar support,
while slouching so low that your neck is cut short.","boastful, status-conscious, tech-obsessed, gamer","confident, proud, accomplished, successful, fashionable, high-status, tech-savvy, gadget lover, early adopter, gamer, skilled gamer, strategic"
"you act like a master of home bread baking crust,
while turning fresh dough into dry yellow dust.","overconfident, foodie","confident, self-assured, bold, foodie, food lover, culinary enthusiast"
"you brag about your high-speed home wi-fi router setup,
while waiting ten minutes for a video to load up.",boastful,"confident, proud, accomplished"
"you tell people you're an expert in vintage vinyl pressings,
while playing scratched records with terrible blessings.","overconfident, know-it-all, pretentious, collector","collector, connoisseur, confident, self-assured, bold, smart, knowledgeable, intelligent, sophisticated, cultured, refined, passionate collector"
"you act like a master of cocktail shaker technique,
while flinging ice cubes across the room every week.","overconfident, drink-snob","confident, self-assured, bold, beverage connoisseur, wine lover, cocktail expert"
"you claim you're an elite track athlete running hurdles,
while tripping over one till your stomach turns curdles.","overconfident, clumsy, fitness-obsessed","athletic, fit, confident, self-assured, bold, coordinated, graceful, dexterous, disciplined"
"you flex your smart watch sleep tracking score every day,
while getting three hours of sleep anyway.","boastful, wellness-obsessed, tech-obsessed","confident, proud, accomplished, health-conscious, mindful, wellness-focused, tech-savvy, gadget lover, early adopter"
"you act like a master of pour-over coffee timing,
while spilling hot water on counter tile lining.","overconfident, pretentious, clumsy, coffee-snob","confident, self-assured, bold, sophisticated, cultured, refined, coordinated, graceful, dexterous, coffee lover, coffee expert, barista"
"you brag about your high-performance winter coat insulation,
while shivering inside at a small ventilation.",boastful,"confident, proud, accomplished"
"you tell everyone you're an expert in vintage mechanical clocks,
while keeping three wall clocks that tick out of box.","boastful, overconfident, know-it-all, pretentious, collector","collector, connoisseur, confident, proud, accomplished, self-assured, bold, smart, knowledgeable, intelligent, sophisticated, cultured, refined, passionate collector"
"you act like a master of gourmet charcuterie boards,
while serving three crackers and processed meat hoards.","overconfident, pretentious, foodie","confident, self-assured, bold, sophisticated, cultured, refined, foodie, food lover, culinary enthusiast"
"you claim you're an expert in outdoor survival fire craft,
while blowing out matches and looking real draft.","overconfident, know-it-all, outdoorsy","confident, self-assured, bold, smart, knowledgeable, intelligent, outdoorsy, adventurous, nature lover"
"you flex your curved ultrawide monitor setup real grand,
while using one window to play in the band.","boastful, tech-obsessed","confident, proud, accomplished, tech-savvy, gadget lover, early adopter"
"you act like a master of hand-brewed matcha tea powder,
while clumping the green tea and screaming out louder.",overconfident,"confident, self-assured, bold"
"you brag about your high-end mountain bike suspension forks,
while riding on pavement and avoiding the corks.","boastful, status-conscious, outdoorsy, cyclist","adventurous, outdoorsy, confident, proud, accomplished, successful, fashionable, high-status, nature lover, cyclist, fit, endurance athlete"
"you tell people you're an expert in vintage arcade games,
while losing three lives in pac-man with no shames.","overconfident, know-it-all, pretentious, collector","collector, connoisseur, confident, self-assured, bold, smart, knowledgeable, intelligent, sophisticated, cultured, refined, passionate collector"
"you act like a master of artisan pizza oven heat,
while burning the bottom of crust on the street.","overconfident, foodie, bad cook","confident, self-assured, bold, foodie, food lover, culinary enthusiast, good cook, chef, culinary"
"you claim you're an elite swimmer with perfect stroke form,
while flailing your arms in a shallow water warm.",overconfident,"confident, self-assured, bold"
"you flex your smart light bulb color changing display,
while sitting in static blue light every single day.","boastful, tech-obsessed","confident, proud, accomplished, tech-savvy, gadget lover, early adopter"
"you act like a master of home espresso tamping pressure,
while pulling a bitter shot that nobody can measure.","overconfident, coffee-snob","confident, self-assured, bold, coffee lover, coffee expert, barista"
"you brag about your high-end leather wallet stitching,
while holding zero dollars inside, how bewitching.","boastful, status-conscious, forgetful, financially irresponsible","confident, proud, accomplished, successful, fashionable, high-status, good memory, attentive, detail-oriented, financially savvy, good with money, frugal"
"you tell everyone you're an expert in vintage stereo receivers,
while hooking up speakers to deaf non-believers.","boastful, overconfident, know-it-all, pretentious, collector","collector, connoisseur, confident, proud, accomplished, self-assured, bold, smart, knowledgeable, intelligent, sophisticated, cultured, refined, passionate collector"
"you act like a master of hand-poured candle making wax,
while filling the house with smoke that attacks.","overconfident, crafty","confident, self-assured, bold, crafty, creative, maker"
"you claim you're a professional speed reader of novels,
while understanding nothing as your memory grovels.","overconfident, underperforming, forgetful, bookish, poor reading comprehension","fast reader, well-read, confident, self-assured, bold, talented, capable, high-achieving, good memory, attentive, detail-oriented, intellectual, book lover, attentive reader"
"you flex your ergonomic vertical computer mouse grip,
while dropping it off of your desk on a trip.","boastful, clumsy, tech-obsessed","confident, proud, accomplished, coordinated, graceful, dexterous, tech-savvy, gadget lover, early adopter"
"you act like a master of sourdough bread scoring design,
while slicing your loaf in a crooked wrong line.","overconfident, pretentious, foodie","confident, self-assured, bold, sophisticated, cultured, refined, foodie, food lover, culinary enthusiast"
"you brag about your high-performance noise cancelling mic,
while broadcasting static that nobody can like.","boastful, tech-obsessed","confident, proud, accomplished, tech-savvy, gadget lover, early adopter"
"you tell people you're an expert in vintage typewriter keys,
while jamming the letters every time that you please.","overconfident, know-it-all, pretentious, stationery-obsessed, collector","collector, connoisseur, confident, self-assured, bold, smart, knowledgeable, intelligent, sophisticated, cultured, refined, organized, stationery lover, planner"
"you act like a master of hand-drip coffee filters paper,
while tearing the bag in a clumsy big caper.","overconfident, clumsy, coffee-snob","confident, self-assured, bold, coordinated, graceful, dexterous, coffee lover, coffee expert, barista"
"you claim you're an elite marathon runner in training,
while quitting your workout because it is raining.","overconfident, fitness-obsessed","athletic, fit, confident, self-assured, bold, disciplined"
"you flex your smart scale body fat percentage reading,
while eating three slices of pie you are needing.",boastful,"confident, proud, accomplished"
"you act like a master of gourmet burger grilling flame,
while dropping the patty on dirt, what a shame.","overconfident, pretentious, clumsy, foodie, bad cook","confident, self-assured, bold, sophisticated, cultured, refined, coordinated, graceful, dexterous, foodie, food lover, culinary enthusiast, good cook, chef"
"you brag about your high-end fountain pen gold nib,
while smudging the ink all over your bib.","boastful, status-conscious, stationery-obsessed, collector","confident, proud, accomplished, successful, fashionable, high-status, organized, stationery lover, planner, collector, connoisseur, passionate collector"
"you tell everyone you're an expert in vintage poster art,
while taping up prints that are tearing apart.","boastful, overconfident, know-it-all, pretentious, collector","collector, connoisseur, confident, proud, accomplished, self-assured, bold, smart, knowledgeable, intelligent, sophisticated, cultured, refined, passionate collector"
"you act like a master of craft cocktail ice shaping,
while dropping ice spheres that are melt-water escaping.","overconfident, clumsy, drink-snob","confident, self-assured, bold, coordinated, graceful, dexterous, beverage connoisseur, wine lover, cocktail expert"
"you claim you're an urban cyclist riding fixie gears,
while crashing into curbs and shedding big tears.","overconfident, cyclist","confident, self-assured, bold, cyclist, fit, endurance athlete"
"you flex your smart home security camera system real wide,
while getting recorded falling down on the side.","boastful, tech-obsessed","confident, proud, accomplished, tech-savvy, gadget lover, early adopter"
"you act like a master of artisanal donut frying oil,
while making a pastry that's greasy and royal.","overconfident, pretentious, foodie","confident, self-assured, bold, sophisticated, cultured, refined, foodie, food lover, culinary enthusiast"
"you brag about your high-altitude camping sleeping bag rating,
while shivering inside your own bedroom waiting.","boastful, outdoorsy","adventurous, outdoorsy, confident, proud, accomplished, nature lover"
"you tell people you're an expert in vintage electric guitars,
while playing out of tune underneath the night stars.","overconfident, know-it-all, pretentious, music-obsessed, collector","collector, connoisseur, confident, self-assured, bold, smart, knowledgeable, intelligent, sophisticated, cultured, refined, music lover, musical, musician"
"you act like a master of hand-rolled pasta noodles,
while making thick clumps that look like messy poodles.","overconfident, messy, foodie, bad cook","confident, self-assured, bold, organized, tidy, neat, foodie, food lover, culinary enthusiast, good cook, chef, culinary"
"you claim you're a professional escape room record holder,
while crying for hints as the room gets much colder.",overconfident,"confident, self-assured, bold"
"you flex your ergonomic split keyboard desk arrangement,
while typing three typos in total estrangement.","boastful, tech-obsessed","confident, proud, accomplished, tech-savvy, gadget lover, early adopter"
"you act like a master of french press coffee steeping,
while pushing the plunger so hard grounds are leaping.","overconfident, coffee-snob","confident, self-assured, bold, coffee lover, coffee expert, barista"
"you brag about your high-performance trail running shoes grip,
while slipping on mud on a small backyard trip.","boastful, clumsy, fitness-obsessed, outdoorsy","confident, proud, accomplished, coordinated, graceful, dexterous, fit, athletic, disciplined, outdoorsy, adventurous, nature lover"
"you tell everyone you're an expert in vintage wristwatches,
while wearing fake chronographs with scratches and blotches.","boastful, overconfident, inauthentic, know-it-all, pretentious, collector","collector, connoisseur, confident, proud, accomplished, self-assured, bold, authentic, genuine, original, smart, knowledgeable, intelligent, sophisticated"
"you act like a master of gourmet food truck cuisine,
while serving cold tacos that look totally mean.","overconfident, petty, pretentious, foodie, bad cook","confident, self-assured, bold, mature, forgiving, easygoing, sophisticated, cultured, refined, foodie, food lover, culinary enthusiast, good cook, chef"
"you claim you're an elite speed climber on indoor walls,
while dropping off foot-holds with loud screaming calls.","overconfident, clumsy, fitness-obsessed","athletic, fit, confident, self-assured, bold, coordinated, graceful, dexterous, disciplined"
"you flex your smart air purifier hepa filter fan speed,
while leaving dust bunnies everywhere in your need.","boastful, messy, tech-obsessed","confident, proud, accomplished, organized, tidy, neat, tech-savvy, gadget lover, early adopter"
"you act like a master of pour-over kettle water flow,
while splashing hot water on your own big toe.","overconfident, pretentious, coffee-snob","confident, self-assured, bold, sophisticated, cultured, refined, coffee lover, coffee expert, barista"
"you brag about your high-end leather messenger bag strap,
while dropping your laptop right into your lap.","boastful, status-conscious, clumsy","confident, proud, accomplished, successful, fashionable, high-status, coordinated, graceful, dexterous"
"you tell people you're an expert in vintage vinyl record labels,
while stacking your albums on wobbly old tables.","overconfident, know-it-all, pretentious, collector","collector, connoisseur, confident, self-assured, bold, smart, knowledgeable, intelligent, sophisticated, cultured, refined, passionate collector"
"you act like a master of hand-crafted leather keychains,
while dropping your keys down in rainy street drains.","overconfident, clumsy, crafty","confident, self-assured, bold, coordinated, graceful, dexterous, crafty, creative, maker"
"you claim you're a professional speed cuber solving rubik's,
while popping the plastic pieces out in your view tricks.",overconfident,"confident, self-assured, bold"
"you flex your mechanical keyboard custom keycaps set colors,
while missing keys daily compared to all others.","boastful, tech-obsessed","confident, proud, accomplished, tech-savvy, gadget lover, early adopter"
"you act like a master of artisanal gelato churning,
while making ice cream that is icy and burning.","overconfident, pretentious, foodie, bad cook","confident, self-assured, bold, sophisticated, cultured, refined, foodie, food lover, culinary enthusiast, good cook, chef, culinary"
"you brag about your high-altitude mountaineering tent poles,
while failing to pitch it on flat grassy knolls.","boastful, outdoorsy","confident, proud, accomplished, outdoorsy, adventurous, nature lover"
"you tell everyone you're an expert in vintage audio cassettes,
while tangling the tape up in tangled regret sets.","boastful, overconfident, know-it-all, pretentious, music-obsessed, collector","collector, connoisseur, confident, proud, accomplished, self-assured, bold, smart, knowledgeable, intelligent, sophisticated, cultured, refined, music lover"
"you act like a master of artisan wood carving tools,
while slicing your thumb like the biggest of fools.","overconfident, clumsy, crafty","confident, self-assured, bold, coordinated, graceful, dexterous, crafty, creative, maker"
"you claim you're an elite track sprinter in block starts,
while stumbling forward and breaking your hearts.","overconfident, clumsy, fitness-obsessed","athletic, fit, confident, self-assured, bold, coordinated, graceful, dexterous, disciplined"
"you flex your smart mirror workout subscription screen,
while using it only to check your routine.","boastful, fitness-obsessed","confident, proud, accomplished, fit, athletic, disciplined"
"you act like a master of cold brew coffee extraction,
while making a brew that has zero attraction.","overconfident, coffee-snob","confident, self-assured, bold, coffee lover, coffee expert, barista"
"you brag about your high-performance cycling helmet vents,
while riding your bike into wooden park fence.","boastful, cyclist","confident, proud, accomplished, cyclist, fit, endurance athlete"
"you tell people you're an expert in vintage fountain pen inks,
while staining your carpet with dark purple inks.","overconfident, know-it-all, pretentious, stationery-obsessed, collector","collector, connoisseur, confident, self-assured, bold, smart, knowledgeable, intelligent, sophisticated, cultured, refined, organized, stationery lover, planner"
"you act like a master of gourmet waffle batter whisking,
while burning the waffle and taking a risking.","overconfident, pretentious, foodie, bad cook","confident, self-assured, bold, sophisticated, cultured, refined, foodie, food lover, culinary enthusiast, good cook, chef, culinary"
"you claim you're an urban parkour runner jumping walls,
while tripping over benches with loud clumsy falls.","overconfident, clumsy, fitness-obsessed","athletic, fit, confident, self-assured, bold, coordinated, graceful, dexterous, disciplined"
"you flex your smart mug temperature control heating base,
while letting your coffee burn right in your face.","boastful, coffee-snob, tech-obsessed","confident, proud, accomplished, coffee lover, coffee expert, barista, tech-savvy, gadget lover, early adopter"
"you act like a master of hand-rolled sushi rice vinegar,
while making a roll that tastes sour and vinegar-er.","overconfident, foodie","confident, self-assured, bold, foodie, food lover, culinary enthusiast"
"you brag about your high-end leather camera strap neck harness,
while dropping your camera with total un-wariness.","boastful, status-conscious, clumsy, photography-obsessed","confident, proud, accomplished, successful, fashionable, high-status, coordinated, graceful, dexterous, photographer, creative, visual storyteller"
"you tell everyone you're an expert in vintage analog synths,
while playing one note on a plastic toy plinth.","boastful, overconfident, know-it-all, pretentious, collector","collector, connoisseur, confident, proud, accomplished, self-assured, bold, smart, knowledgeable, intelligent, sophisticated, cultured, refined, passionate collector"
"you act like a master of artisanal bagel boiling water,
while making flat disks like you really oughta-notter.","overconfident, pretentious, foodie","confident, self-assured, bold, sophisticated, cultured, refined, foodie, food lover, culinary enthusiast"
"you claim you're a professional speed reader of newspapers,
while missing headlines in your daily capers.","overconfident, underperforming, bookish, poor reading comprehension","fast reader, well-read, confident, self-assured, bold, talented, capable, high-achieving, intellectual, book lover, attentive reader, thorough, good reading comprehension"
"you flex your ergonomic trackball mouse precision thumb control,
while rolling the ball right into a hole.","boastful, tech-obsessed","confident, proud, accomplished, tech-savvy, gadget lover, early adopter"
"you act like a master of french press coffee grounds ratio,
while making a mud cup that looks real horrific-io.","overconfident, coffee-snob","confident, self-assured, bold, coffee lover, coffee expert, barista"
"you brag about your high-performance winter snowboarding goggles,
while fogging the lens till your vision mind boggles.","boastful, outdoorsy","visionary, strategic, confident, proud, accomplished, outdoorsy, adventurous, nature lover"
"you tell people you're an expert in vintage mechanical typewriters,
while jamming the keys like two angry prize fighters.","overconfident, know-it-all, pretentious, collector","collector, connoisseur, confident, self-assured, bold, smart, knowledgeable, intelligent, sophisticated, cultured, refined, passionate collector"
"you act like a master of pour-over coffee bloom technique,
while drowning the grounds till the flavor gets weak.","overconfident, pretentious, coffee-snob","confident, self-assured, bold, sophisticated, cultured, refined, coffee lover, coffee expert, barista"
"you claim you're an elite marathon runner pace setter,
while getting passed up by a golden retriever dog getter.","overconfident, underperforming, fitness-obsessed","athletic, fit, confident, self-assured, bold, talented, capable, high-achieving, disciplined"
"you flex your smart jump rope digital counter handles,
while tripping on rope and knocking down candles.","boastful, clumsy","confident, proud, accomplished, coordinated, graceful, dexterous"
"you act like a master of gourmet pizza dough fermentation,
while making flat crust with no air ventilation.","overconfident, pretentious, foodie","confident, self-assured, bold, sophisticated, cultured, refined, foodie, food lover, culinary enthusiast"
"you brag about your high-end leather passport holder case,
while forgetting your passport at home in your space.","boastful, status-conscious, forgetful","confident, proud, accomplished, successful, fashionable, high-status, good memory, attentive, detail-oriented"
"you tell everyone you're an expert in vintage tube amplifiers,
while blowing the fuse with electric spark fires.","boastful, overconfident, know-it-all, pretentious, collector","collector, connoisseur, confident, proud, accomplished, self-assured, bold, smart, knowledgeable, intelligent, sophisticated, cultured, refined, passionate collector"
"you act like a master of hand-crafted ceramic mugs clay,
while dropping the mug on your kitchen tray.","overconfident, clumsy","confident, self-assured, bold, coordinated, graceful, dexterous"
"you claim you're an urban graffiti street artist painter,
while drawing a line that gets fainter and fainter.","overconfident, artsy","confident, self-assured, bold, artistic, creative, imaginative"
"you flex your smart water bottle hydration reminder glow,
while drinking no water wherever you go.","boastful, wellness-obsessed","confident, proud, accomplished, health-conscious, mindful, wellness-focused"
"you act like a master of artisanal chocolate tempering,
while melting the cacao with whimper and whimpering.","overconfident, pretentious, foodie","confident, self-assured, bold, sophisticated, cultured, refined, foodie, food lover, culinary enthusiast"
"you brag about your high-altitude hiking trekking poles carbon,
while tripping over roots in a suburban garden.","boastful, clumsy, outdoorsy, gardening-obsessed","adventurous, outdoorsy, confident, proud, accomplished, coordinated, graceful, dexterous, nature lover, gardener, green thumb"
"you tell people you're an expert in vintage film camera lenses,
while taking blur photos through scratched up fences.","overconfident, know-it-all, pretentious, photography-obsessed, collector","collector, connoisseur, confident, self-assured, bold, smart, knowledgeable, intelligent, sophisticated, cultured, refined, photographer, creative, visual storyteller"
"you act like a master of latte art milk steaming pitcher,
while burning the milk till the smell gets no richer.","overconfident, coffee-snob","confident, self-assured, bold, coffee lover, coffee expert, barista"
"you claim you're a professional speed puzzle assembler,
while losing three pieces and looking like a trembler.","overconfident, easily intimidated","confident, self-assured, bold, brave, fearless, assertive"
"you flex your ergonomic standing desk anti-fatigue mat,
while sitting on floor like a lazy old cat.","boastful, lazy, tech-obsessed","confident, proud, accomplished, hardworking, productive, energetic, tech-savvy, gadget lover, early adopter"
"you act like a master of home espresso grinder dial setting,
while choking the machine and regretting and fretting.","overconfident, coffee-snob","confident, self-assured, bold, coffee lover, coffee expert, barista"
"you brag about your high-speed wi-fi mesh network routers,
while dropping the signal on online shouters.","boastful, clumsy","confident, proud, accomplished, coordinated, graceful, dexterous"
"you tell everyone you're an expert in vintage vinyl turntable needles,
while scratching your records with fake rusty needles.","boastful, overconfident, inauthentic, know-it-all, pretentious, collector","collector, connoisseur, confident, proud, accomplished, self-assured, bold, authentic, genuine, original, smart, knowledgeable, intelligent, sophisticated"
"you act like a master of cocktail shaker double strain pouring,
while spilling drink liquid on carpet flooring.","overconfident, clumsy, drink-snob","confident, self-assured, bold, coordinated, graceful, dexterous, beverage connoisseur, wine lover, cocktail expert"
"you claim you're an elite track hurdle runner jumping high,
while knocking down hurdles as you pass on by.","overconfident, fitness-obsessed","athletic, fit, confident, self-assured, bold, disciplined"
"you flex your smart sleep tracking ring health metrics score,
while waking up tired and groggy once more.","boastful, wellness-obsessed, tech-obsessed","confident, proud, accomplished, health-conscious, mindful, wellness-focused, tech-savvy, gadget lover, early adopter"
"you act like a master of pour-over coffee goose-neck kettle,
while burning your hand on the hot metal kettle.","overconfident, pretentious, coffee-snob","confident, self-assured, bold, sophisticated, cultured, refined, coffee lover, coffee expert, barista"
"you brag about your high-performance winter ski jacket zipper,
while getting it stuck like a clumsy old tipper.","boastful, clumsy, outdoorsy","confident, proud, accomplished, coordinated, graceful, dexterous, outdoorsy, adventurous, nature lover"
"you tell people you're an expert in vintage mechanical pocket watches,
while dropping the glass on the floor in small blotches.","overconfident, know-it-all, pretentious, clumsy, collector","collector, connoisseur, confident, self-assured, bold, smart, knowledgeable, intelligent, sophisticated, cultured, refined, coordinated, graceful, dexterous"
"you act like a master of gourmet charcuterie meat slicing,
while cutting your thumb on the blade so enticing.","overconfident, pretentious, foodie, bad cook","confident, self-assured, bold, sophisticated, cultured, refined, foodie, food lover, culinary enthusiast, good cook, chef, culinary"
"you claim you're an outdoor wilderness fire starter genius,
while soaking the tinder with wet rain between us.","overconfident, know-it-all","confident, self-assured, bold, smart, knowledgeable, intelligent"
"you flex your curved ultrawide gaming display high refresh rate,
while playing text games at a slow boring rate.","boastful, tech-obsessed, gamer","confident, proud, accomplished, tech-savvy, gadget lover, early adopter, gamer, skilled gamer, strategic"
"you act like a master of hand-whisked ceremonial matcha green tea,
while spilling the powder on your own knee.","overconfident, clumsy","confident, self-assured, bold, coordinated, graceful, dexterous"
"you brag about your high-end mountain bike hydraulic disc brakes,
while screeching to stops making total mistakes.","boastful, status-conscious, outdoorsy, cyclist","adventurous, outdoorsy, confident, proud, accomplished, successful, fashionable, high-status, nature lover, cyclist, fit, endurance athlete"
"you tell everyone you're an expert in vintage arcade cabinet buttons,
while mashing the keys like two silly gluttons.","boastful, overconfident, know-it-all, pretentious, collector","collector, connoisseur, confident, proud, accomplished, self-assured, bold, smart, knowledgeable, intelligent, sophisticated, cultured, refined, passionate collector"
"you act like a master of artisan wood furnace pizza baking,
while charring the crust till the dough starts shaking.","overconfident, foodie","confident, self-assured, bold, foodie, food lover, culinary enthusiast"
"you claim you're an elite swimmer in open ocean water,
while swallowing salt water like you really oughta.",overconfident,"confident, self-assured, bold"
"you flex your smart ambient lighting led light strip colors,
while sitting in dark rooms compared to all others.",boastful,"confident, proud, accomplished"
"you act like a master of home espresso portafilter packing,
while spraying brown coffee through basket cracking.","overconfident, coffee-snob","confident, self-assured, bold, coffee lover, coffee expert, barista"
"you brag about your high-end leather briefcase brass lock,
while forgetting the combo and hitting with rock.","boastful, status-conscious, forgetful","confident, proud, accomplished, successful, fashionable, high-status, good memory, attentive, detail-oriented"
"you tell people you're an expert in vintage vacuum tube radios,
while listening to static on cheap stereo scenarios.","overconfident, know-it-all, pretentious, collector","collector, connoisseur, confident, self-assured, bold, smart, knowledgeable, intelligent, sophisticated, cultured, refined, passionate collector"
"you act like a master of hand-poured beeswax pillar candles,
while burning your fingers on wax dripping handles.",overconfident,"confident, self-assured, bold"
"you claim you're a professional speed typer on mechanical keys,
while making twenty typos whenever you please.","overconfident, underperforming","fast typist, accurate, confident, self-assured, bold, talented, capable, high-achieving"
"you flex your ergonomic trackball mouse thumb control ball,
while rolling the ball right off desk in the hall.","boastful, tech-obsessed","confident, proud, accomplished, tech-savvy, gadget lover, early adopter"
"you act like a master of sourdough starter hydration math,
while making soggy dough on your kitchen path.","overconfident, pretentious, foodie, bad cook, wellness-obsessed","confident, self-assured, bold, sophisticated, cultured, refined, foodie, food lover, culinary enthusiast, good cook, chef, culinary, health-conscious, mindful"
"you brag about your high-performance noise cancelling headphone pads,
while listening to music that's totally fads.","boastful, music-obsessed, tech-obsessed","confident, proud, accomplished, music lover, musical, musician, tech-savvy, gadget lover, early adopter"
"you tell everyone you're an expert in vintage manual typewriter ribbon,
while staining your hands with black ink so unforgiven.","boastful, overconfident, know-it-all, pretentious, stationery-obsessed, collector","collector, connoisseur, confident, proud, accomplished, self-assured, bold, smart, knowledgeable, intelligent, sophisticated, cultured, refined, organized"
"you act like a master of pour-over coffee filter paper folding,
while tearing the paper the grounds were holding.","overconfident, pretentious, coffee-snob","confident, self-assured, bold, sophisticated, cultured, refined, coffee lover, coffee expert, barista"
"you claim you're an elite marathon runner finishing strong,
while walking the last three miles all along.","overconfident, out-of-shape, fitness-obsessed","athletic, fit, confident, self-assured, bold, active, disciplined"
"you flex your smart body composition scale bluetooth sync,
while eating fried food before you can think.","boastful, wellness-obsessed, tech-obsessed","confident, proud, accomplished, health-conscious, mindful, wellness-focused, tech-savvy, gadget lover, early adopter"
"you act like a master of gourmet burger brioche bun toasting,
while burning the bread while boastfully boasting.","boastful, overconfident, pretentious, foodie, bad cook","confident, proud, accomplished, self-assured, bold, sophisticated, cultured, refined, foodie, food lover, culinary enthusiast, good cook, chef, culinary"
"you brag about your high-end fountain pen ink converter,
while leaking blue liquid and looking diverter.","boastful, status-conscious, stationery-obsessed, collector","confident, proud, accomplished, successful, fashionable, high-status, organized, stationery lover, planner, collector, connoisseur, passionate collector"
"you tell people you're an expert in vintage concert t-shirts,
while wearing cheap reprints that look like old shirts.","overconfident, inauthentic, know-it-all, pretentious, collector","collector, connoisseur, confident, self-assured, bold, authentic, genuine, original, smart, knowledgeable, intelligent, sophisticated, cultured, refined"
"you act like a master of craft cocktail clear ice carving,
while melting the ice while your guests are starving.","overconfident, drink-snob","confident, self-assured, bold, beverage connoisseur, wine lover, cocktail expert"
"you claim you're an urban fixie bicycle rider no brakes,
while crashing into bush making big mistakes.","overconfident, cyclist","confident, self-assured, bold, cyclist, fit, endurance athlete"
"you flex your smart door lock camera video doorbell chime,
while missing the package delivery time.","boastful, tech-obsessed","confident, proud, accomplished, tech-savvy, gadget lover, early adopter"
"you act like a master of artisanal yeast donut glaze dipping,
while dropping the pastry and slipping and tripping.","overconfident, pretentious, clumsy, foodie, bad cook","confident, self-assured, bold, sophisticated, cultured, refined, coordinated, graceful, dexterous, foodie, food lover, culinary enthusiast, good cook, chef"
"you brag about your high-altitude mountaineering sleeping pad r-value,
while complaining of cold floor in your own venue.","boastful, complainer, outdoorsy","confident, proud, accomplished, positive, resilient, easygoing, outdoorsy, adventurous, nature lover"
"you tell everyone you're an expert in vintage electric bass guitars,
while playing wrong notes behind local bars.","boastful, overconfident, know-it-all, pretentious, music-obsessed, poor musician, collector","collector, connoisseur, confident, proud, accomplished, self-assured, bold, smart, knowledgeable, intelligent, sophisticated, cultured, refined, music lover"
"you act like a master of hand-cut fresh fettuccine pasta,
while making thick dough that cooks no faster.","overconfident, foodie","confident, self-assured, bold, foodie, food lover, culinary enthusiast"
"you claim you're a professional escape room puzzle solver pro,
while sitting stuck on hint number one down below.",overconfident,"confident, self-assured, bold"
"you flex your ergonomic mechanical keyboard wrist rest cushion,
while slouching so low that your back gets a push in.","boastful, tech-obsessed","confident, proud, accomplished, tech-savvy, gadget lover, early adopter"
"you act like a master of french press coffee steeping time,
while pouring out sludge that looks like green slime.","overconfident, coffee-snob","confident, self-assured, bold, coffee lover, coffee expert, barista"
"you brag about your high-performance trail running socks cushion,
while getting big blisters from shoes you put push in.","boastful, fitness-obsessed, outdoorsy","confident, proud, accomplished, fit, athletic, disciplined, outdoorsy, adventurous, nature lover"
"you tell people you're an expert in vintage mechanical chronographs,
while wearing fake watches with crooked graphs.","overconfident, inauthentic, know-it-all, pretentious, collector","collector, connoisseur, confident, self-assured, bold, authentic, genuine, original, smart, knowledgeable, intelligent, sophisticated, cultured, refined"
"you act like a master of gourmet food truck taco seasoning,
while serving bland meat with terrible reasoning.","overconfident, pretentious, foodie","confident, self-assured, bold, sophisticated, cultured, refined, foodie, food lover, culinary enthusiast"
"you claim you're an elite rock climber on bouldering problems,
while falling off start holds with loud crying quobblems.","overconfident, clumsy, fitness-obsessed, outdoorsy","athletic, fit, confident, self-assured, bold, coordinated, graceful, dexterous, disciplined, outdoorsy, adventurous, nature lover"
"you flex your smart air quality monitor indoor sensor lights,
while leaving smoke in the room through the nights.",boastful,"confident, proud, accomplished"
"you act like a master of pour-over coffee water temp gauge,
while boiling the water and burning the sage.","overconfident, pretentious, coffee-snob","confident, self-assured, bold, sophisticated, cultured, refined, coffee lover, coffee expert, barista"
"you brag about your high-end leather duffel bag handles,
while tearing the strap carrying two small candles.","boastful, status-conscious","confident, proud, accomplished, successful, fashionable, high-status"
"you tell everyone you're an expert in vintage vinyl record sleeves,
while storing your albums where dirt interweaves.","boastful, overconfident, know-it-all, pretentious, collector","collector, connoisseur, confident, proud, accomplished, self-assured, bold, smart, knowledgeable, intelligent, sophisticated, cultured, refined, passionate collector"
"you act like a master of hand-crafted leather wallet beveling,
while making rough edges that look totally leveling.","overconfident, forgetful, crafty","confident, self-assured, bold, good memory, attentive, detail-oriented, crafty, creative, maker"
"you claim you're a professional speed cuber under ten seconds,
while popping the spring where the plastic piece beckons.",overconfident,"confident, self-assured, bold"
"you flex your mechanical keyboard custom desk mat stitching,
while spilling your tea on the cloth so bewitching.","boastful, clumsy, tech-obsessed","confident, proud, accomplished, coordinated, graceful, dexterous, tech-savvy, gadget lover, early adopter"
"you act like a master of artisanal sorbet fruit blending,
while making sweet slush that is never ending.","overconfident, pretentious, foodie","confident, self-assured, bold, sophisticated, cultured, refined, foodie, food lover, culinary enthusiast"
"you brag about your high-altitude mountaineering shell jacket,
while shivering inside at a small rainy racket.","boastful, outdoorsy","confident, proud, accomplished, outdoorsy, adventurous, nature lover"
"you tell people you're an expert in vintage reel-to-reel tape,
while tangling the magnetic tape into bad shape.","overconfident, know-it-all, pretentious, collector","collector, connoisseur, confident, self-assured, bold, smart, knowledgeable, intelligent, sophisticated, cultured, refined, passionate collector"
"you act like a master of artisan wood lathe bowl turning,
while throwing wood chips while the motor is burning.",overconfident,"confident, self-assured, bold"
"you claim you're an elite track sprinter fifty-meter dash,
while pulling a muscle and making a crash.","overconfident, fitness-obsessed","athletic, fit, confident, self-assured, bold, disciplined"
"you flex your smart fitness tracker heart rate zone monitor,
while sitting on couch like a lazy old conqueror.","boastful, lazy, fitness-obsessed","confident, proud, accomplished, hardworking, productive, energetic, fit, athletic, disciplined"
"you act like a master of cold brew coffee nitrogen infusion,
while making flat liquid in total confusion.","overconfident, coffee-snob","confident, self-assured, bold, coffee lover, coffee expert, barista"
"you brag about your high-performance road bike clipless pedals,
while falling down flat at the traffic stop meddles.","boastful, cyclist","confident, proud, accomplished, cyclist, fit, endurance athlete"
"you tell everyone you're an expert in vintage fountain pen nibs,
while scratching the paper and telling big fibs.","boastful, overconfident, know-it-all, pretentious, stationery-obsessed, collector","collector, connoisseur, confident, proud, accomplished, self-assured, bold, smart, knowledgeable, intelligent, sophisticated, cultured, refined, organized"
"you act like a master of gourmet waffle iron heat control,
while sticking the batter right onto the bowl.","overconfident, pretentious, foodie","confident, self-assured, bold, sophisticated, cultured, refined, foodie, food lover, culinary enthusiast"
"you claim you're an urban parkour practitioner jumping roofs,
while tripping over curbs with your clumsy old hoofs.","overconfident, clumsy","confident, self-assured, bold, coordinated, graceful, dexterous"
"you flex your smart mug temperature control heating coaster,
while letting your tea burn like bread in a toaster.","boastful, tech-obsessed","confident, proud, accomplished, tech-savvy, gadget lover, early adopter"
"you act like a master of hand-rolled sushi seaweed wrapping,
while tearing the nori while your friends are all clapping.","overconfident, foodie","confident, self-assured, bold, foodie, food lover, culinary enthusiast"
"you brag about your high-end camera lens prime glass aperture,
while taking blur photos with bad focus capture.","boastful, status-conscious, photography-obsessed, poor photographer","focused, disciplined, confident, proud, accomplished, successful, fashionable, high-status, photographer, creative, visual storyteller, good photographer, artistic"
"you tell people you're an expert in vintage modular synths,
while patching wrong cables on wooden toy plinths.","overconfident, know-it-all, pretentious, collector","collector, connoisseur, confident, self-assured, bold, smart, knowledgeable, intelligent, sophisticated, cultured, refined, passionate collector"
"you act like a master of artisanal sourdough crust blistering,
while baking flat bread that is hard and un-sistering.","overconfident, pretentious, foodie, bad cook","confident, self-assured, bold, sophisticated, cultured, refined, foodie, food lover, culinary enthusiast, good cook, chef, culinary"
"you claim you're a professional speed reader of textbooks,
while failing the quiz with confused little looks.","overconfident, bookish","fast reader, well-read, confident, self-assured, bold, intellectual, book lover"
"you flex your ergonomic vertical mouse wrist position,
while dropping the mouse in a clumsy condition.","boastful, clumsy, tech-obsessed","confident, proud, accomplished, coordinated, graceful, dexterous, tech-savvy, gadget lover, early adopter"
"you act like a master of french press coffee plunger press,
while spraying hot coffee all over your dress.","overconfident, coffee-snob","confident, self-assured, bold, coffee lover, coffee expert, barista"
"you brag about your high-performance winter ski pole grips,
while dropping your poles on ski lift trips.","boastful, clumsy","confident, proud, accomplished, coordinated, graceful, dexterous"
"you tell everyone you're an expert in vintage manual typewriters keys,
while jamming three letters whenever you please.","boastful, overconfident, know-it-all, pretentious, collector","collector, connoisseur, confident, proud, accomplished, self-assured, bold, smart, knowledgeable, intelligent, sophisticated, cultured, refined, passionate collector"
"you act like a master of pour-over coffee paper filter rinse,
while making thin coffee that makes people wince.","overconfident, pretentious, coffee-snob","confident, self-assured, bold, sophisticated, cultured, refined, coffee lover, coffee expert, barista"
"you claim you're an elite marathon runner finishing strong,
while taking the bus through the course all along.","overconfident, fitness-obsessed","athletic, fit, confident, self-assured, bold, disciplined"
"you flex your smart body fat scale digital display sync,
while drinking sweet sodas before you can think.","boastful, tech-obsessed","confident, proud, accomplished, tech-savvy, gadget lover, early adopter"
"you act like a master of gourmet burger patty smash technique,
while breaking the meat into bits every week.","overconfident, pretentious, foodie","confident, self-assured, bold, sophisticated, cultured, refined, foodie, food lover, culinary enthusiast"
"you brag about your high-end fountain pen ink bottle collection,
while knocking blue ink in your desk top direction.","boastful, status-conscious, stationery-obsessed, collector","confident, proud, accomplished, successful, fashionable, high-status, organized, stationery lover, planner, collector, connoisseur, passionate collector"
"you tell people you're an expert in vintage band tour shirts,
while wearing cheap knockoffs that look like dirt shirts.","overconfident, inauthentic, know-it-all, pretentious, collector","collector, connoisseur, confident, self-assured, bold, authentic, genuine, original, smart, knowledgeable, intelligent, sophisticated, cultured, refined"
"you act like a master of craft cocktail clear ice cube molds,
while serving cloudy ice that melt water holds.","overconfident, drink-snob","confident, self-assured, bold, beverage connoisseur, wine lover, cocktail expert"
"you claim you're an urban track-stand cyclist at red lights,
while falling side-ways in plain public sights.","overconfident, clumsy, cyclist","confident, self-assured, bold, coordinated, graceful, dexterous, cyclist, fit, endurance athlete"
"you flex your smart video doorbell motion sensor alert,
while missing the mailman who steps in the dirt.","boastful, tech-obsessed","confident, proud, accomplished, tech-savvy, gadget lover, early adopter"
"you act like a master of artisanal donut glaze drip art,
while making messy pastries that tear right apart.","overconfident, pretentious, messy, foodie, bad cook","confident, self-assured, bold, sophisticated, cultured, refined, organized, tidy, neat, foodie, food lover, culinary enthusiast, good cook, chef"
"you brag about your high-altitude camping sleeping bag zipper,
while getting it snagged like a clumsy old tipper.","boastful, clumsy, outdoorsy","adventurous, outdoorsy, confident, proud, accomplished, coordinated, graceful, dexterous, nature lover"
"you tell everyone you're an expert in vintage hollow-body guitars,
while playing wrong chords under neon bar stars.","boastful, overconfident, know-it-all, pretentious, music-obsessed, collector","collector, connoisseur, confident, proud, accomplished, self-assured, bold, smart, knowledgeable, intelligent, sophisticated, cultured, refined, music lover"
"you act like a master of hand-cut fresh gnocchi potato dough,
while making heavy lumps that cook real slow.","overconfident, foodie","confident, self-assured, bold, foodie, food lover, culinary enthusiast"
"you claim you're a professional escape room master solver,
while getting stuck on clue one like a slow revolver.",overconfident,"confident, self-assured, bold"
"you flex your ergonomic mechanical keyboard aluminum case,
while typing three typos all over the place.","boastful, tech-obsessed","confident, proud, accomplished, tech-savvy, gadget lover, early adopter"
"you act like a master of french press coffee water-to-coffee ratio,
while making a sludge cup that looks real horrific-io.","overconfident, coffee-snob","confident, self-assured, bold, coffee lover, coffee expert, barista"
"you brag about your high-performance trail running gaiters,
while getting dirt in your shoes to the joy of all haters.","boastful, fitness-obsessed, outdoorsy","confident, proud, accomplished, fit, athletic, disciplined, outdoorsy, adventurous, nature lover"
"you tell people you're an expert in vintage chronograph stopwatches,
while breaking the pushers with scratches and blotches.","overconfident, know-it-all, pretentious, collector","collector, connoisseur, confident, self-assured, bold, smart, knowledgeable, intelligent, sophisticated, cultured, refined, passionate collector"
"you act like a master of gourmet food truck slider assembly,
while dropping the top bun with fingers shaking tremblingly.","overconfident, pretentious, easily intimidated, clumsy, foodie, bad cook","confident, self-assured, bold, sophisticated, cultured, refined, brave, fearless, assertive, coordinated, graceful, dexterous, foodie, food lover"
"you claim you're an elite rock climber on indoor overhangs,
while falling off start holds with loud crying pangs.","overconfident, clumsy, fitness-obsessed, outdoorsy","athletic, fit, confident, self-assured, bold, coordinated, graceful, dexterous, disciplined, outdoorsy, adventurous, nature lover"
"you flex your smart air purifier hepa filter air quality index,
while leaving dust bunnies that totally perplex.","boastful, messy, tech-obsessed","confident, proud, accomplished, organized, tidy, neat, tech-savvy, gadget lover, early adopter"
"you act like a master of pour-over coffee kettle pour speed,
while drowning the grounds in a clumsy big deed.","overconfident, pretentious, clumsy, coffee-snob","confident, self-assured, bold, sophisticated, cultured, refined, coordinated, graceful, dexterous, coffee lover, coffee expert, barista"
"you brag about your high-end leather messenger bag brass buckle,
while dropping your books with a silly quiet chuckle.","boastful, status-conscious, clumsy","confident, proud, accomplished, successful, fashionable, high-status, coordinated, graceful, dexterous"
"you tell everyone you're an expert in vintage vinyl matrix numbers,
while storing your records in damp basement slumbers.","boastful, overconfident, know-it-all, pretentious, collector","collector, connoisseur, confident, proud, accomplished, self-assured, bold, smart, knowledgeable, intelligent, sophisticated, cultured, refined, passionate collector"
"you act like a master of hand-stitched leather card holder seams,
while poking your thumb in your diy dreams.","overconfident, clumsy, DIY-obsessed","confident, self-assured, bold, coordinated, graceful, dexterous, handy, resourceful, diy enthusiast"
"you claim you're a professional speed cuber blindfolded solver,
while peeling the stickers off like a cheap revolver.",overconfident,"confident, self-assured, bold"
"you flex your mechanical keyboard custom keycap profile height,
while missing keys daily in broad daylight.","boastful, tech-obsessed","confident, proud, accomplished, tech-savvy, gadget lover, early adopter"
"you act like a master of artisanal fruit jam canning jars,
while burning the sugar beneath kitchen stars.","overconfident, pretentious, foodie, bad cook","confident, self-assured, bold, sophisticated, cultured, refined, foodie, food lover, culinary enthusiast, good cook, chef, culinary"
"you brag about your high-altitude hiking rain jacket membrane,
while getting soaked through in a light summer rain.","boastful, outdoorsy","adventurous, outdoorsy, confident, proud, accomplished, nature lover"
"you tell people you're an expert in vintage open-reel tape decks,
while tangling the tape into complicated wrecks.","overconfident, know-it-all, pretentious, collector","collector, connoisseur, confident, self-assured, bold, smart, knowledgeable, intelligent, sophisticated, cultured, refined, passionate collector"
"you act like a master of artisan wood turning chisel tools,
while gouging the bowl like the biggest of fools.","overconfident, crafty","confident, self-assured, bold, crafty, creative, maker"
"you claim you're an elite track sprinter 100-meter dash,
while tripping at start line and making a crash.","overconfident, clumsy, fitness-obsessed","athletic, fit, confident, self-assured, bold, coordinated, graceful, dexterous, disciplined"
"you flex your smart watch daily step goal activity ring,
while sitting on couch doing no single thing.","boastful, lazy, tech-obsessed","confident, proud, accomplished, hardworking, productive, energetic, tech-savvy, gadget lover, early adopter"
"you act like a master of cold brew coffee concentrate dilution,
while serving weak water in total confusion.","overconfident, coffee-snob","confident, self-assured, bold, coffee lover, coffee expert, barista"
"you brag about your high-performance road bike carbon wheels,
while slipping on wet leaves with loud screeching squeals.","boastful, clumsy, cyclist","confident, proud, accomplished, coordinated, graceful, dexterous, cyclist, fit, endurance athlete"
"you tell everyone you're an expert in vintage fountain pen flex nibs,
while tearing the paper and telling big fibs.","boastful, overconfident, know-it-all, pretentious, stationery-obsessed, collector","collector, connoisseur, confident, proud, accomplished, self-assured, bold, smart, knowledgeable, intelligent, sophisticated, cultured, refined, organized"
"you act like a master of gourmet waffle batter heat distribution,
while sticking the waffle in total pollution.","overconfident, pretentious, foodie, bad cook","confident, self-assured, bold, sophisticated, cultured, refined, foodie, food lover, culinary enthusiast, good cook, chef, culinary"
"you claim you're an urban parkour jumper landing on rails,
while slipping off edges with loud crying wails.","overconfident, clumsy","confident, self-assured, bold, coordinated, graceful, dexterous"
"you flex your smart mug temperature control app connection,
while burning your mouth with no heat protection.","boastful, tech-obsessed","confident, proud, accomplished, tech-savvy, gadget lover, early adopter"
"you act like a master of hand-rolled sushi nori paper sealing,
while unrolling the roll with a sticky soft feeling.","overconfident, foodie","confident, self-assured, bold, foodie, food lover, culinary enthusiast"
"you brag about your high-end camera body weather sealing gaskets,
while dropping your camera in wet picnic baskets.","boastful, status-conscious, clumsy, photography-obsessed","confident, proud, accomplished, successful, fashionable, high-status, coordinated, graceful, dexterous, photographer, creative, visual storyteller"
"you tell people you're an expert in vintage analog synthesizer patching,
while making harsh noise with no music matching.","overconfident, know-it-all, pretentious, music-obsessed, collector","collector, connoisseur, confident, self-assured, bold, smart, knowledgeable, intelligent, sophisticated, cultured, refined, music lover, musical, musician"
"you act like a master of artisanal sourdough bread crust ear scoring,
while making flat loaves that are totally boring.","overconfident, pretentious, foodie","confident, self-assured, bold, sophisticated, cultured, refined, foodie, food lover, culinary enthusiast"
"you claim you're a professional speed reader of technical manuals,
while understanding nothing in daily annuals.","overconfident, underperforming, bookish, poor reading comprehension","fast reader, well-read, confident, self-assured, bold, talented, capable, high-achieving, intellectual, book lover, attentive reader, thorough, good reading comprehension"
"you flex your ergonomic vertical mouse wireless bluetooth dongle,
while losing the receiver in a desk clutter mongle.","boastful, messy, tech-obsessed","confident, proud, accomplished, organized, tidy, neat, tech-savvy, gadget lover, early adopter"
"you act like a master of french press coffee filter mesh cleaning,
while leaving coffee grounds with no proper meaning.","overconfident, coffee-snob","confident, self-assured, bold, coffee lover, coffee expert, barista"
"you brag about your high-performance winter ski goggle anti-fog coating,
while fogging the lens while you're boastfully boasting.",boastful,"confident, proud, accomplished"
"you tell everyone you're an expert in vintage manual typewriter ribbon spools,
while tangling the ink tape like silly old fools.","boastful, overconfident, know-it-all, pretentious, stationery-obsessed, collector","collector, connoisseur, confident, proud, accomplished, self-assured, bold, smart, knowledgeable, intelligent, sophisticated, cultured, refined, organized"
"you act like a master of pour-over coffee kettle temperature control,
while boiling the water and scorching the bowl.","overconfident, pretentious, coffee-snob","confident, self-assured, bold, sophisticated, cultured, refined, coffee lover, coffee expert, barista"
"you claim you're an elite marathon runner crossing finish line tape,
while taking a shortcut in terrible shape.","overconfident, fitness-obsessed","athletic, fit, confident, self-assured, bold, disciplined"
"you flex your smart body scale percentage muscle mass reader,
while eating fried snacks like a champion feeder.","boastful, tech-obsessed","confident, proud, accomplished, tech-savvy, gadget lover, early adopter"
"you act like a master of gourmet burger patty seasoning salt blend,
while ruining the meat at the very end.","overconfident, pretentious, foodie","confident, self-assured, bold, sophisticated, cultured, refined, foodie, food lover, culinary enthusiast"
"you brag about your high-end fountain pen ink bottle cap seal,
while spilling blue liquid on your daily meal.","boastful, status-conscious, clumsy, stationery-obsessed, collector","confident, proud, accomplished, successful, fashionable, high-status, coordinated, graceful, dexterous, organized, stationery lover, planner, collector, connoisseur"
"you tell people you're an expert in vintage rock band tour posters,
while taping up prints onto cheap kitchen coasters.","overconfident, know-it-all, pretentious, collector","collector, connoisseur, confident, self-assured, bold, smart, knowledgeable, intelligent, sophisticated, cultured, refined, passionate collector"
"you act like a master of craft cocktail ice sphere melting rate,
while serving warm drinks at a slow boring rate.","overconfident, drink-snob","confident, self-assured, bold, beverage connoisseur, wine lover, cocktail expert"
"you claim you're an urban track-stand cyclist on fixed gear bikes,
while falling down flat on the pedestrian hikes.","overconfident, cyclist","confident, self-assured, bold, cyclist, fit, endurance athlete"
"you flex your smart door lock wireless keypad entry code,
while forgetting your pin out on the road.","boastful, forgetful, tech-obsessed","confident, proud, accomplished, good memory, attentive, detail-oriented, tech-savvy, gadget lover, early adopter"
"you act like a master of artisanal donut frying temperature control,
while burning the dough in a deep greasy bowl.","overconfident, pretentious, foodie, bad cook","confident, self-assured, bold, sophisticated, cultured, refined, foodie, food lover, culinary enthusiast, good cook, chef, culinary"
"you brag about your high-altitude mountaineering tent rainfly stakes,
while blowing away making total mistakes.","boastful, outdoorsy","confident, proud, accomplished, outdoorsy, adventurous, nature lover"
"you tell everyone you're an expert in vintage electric guitar pickups,
while making harsh noise with electric hiccups.","boastful, overconfident, know-it-all, pretentious, music-obsessed, collector","collector, connoisseur, confident, proud, accomplished, self-assured, bold, smart, knowledgeable, intelligent, sophisticated, cultured, refined, music lover"
"you act like a master of hand-rolled fresh ramen noodle dough,
while making thick clumps that cook real slow.","overconfident, foodie, bad cook","confident, self-assured, bold, foodie, food lover, culinary enthusiast, good cook, chef, culinary"
"you claim you're a professional escape room solver record holder,
while crying for help as the room gets much colder.",overconfident,"confident, self-assured, bold"
"you flex your ergonomic mechanical keyboard split layout angle,
while getting your hands in a tangled up mangle.","boastful, tech-obsessed","confident, proud, accomplished, tech-savvy, gadget lover, early adopter"
"you act like a master of french press coffee steep time duration,
while serving cold sludge with no hesitation.","overconfident, coffee-snob","confident, self-assured, bold, coffee lover, coffee expert, barista"
"you brag about your high-performance trail running shoe lugs grip,
while slipping on rocks on a small backyard trip.","boastful, clumsy, fitness-obsessed, outdoorsy","confident, proud, accomplished, coordinated, graceful, dexterous, fit, athletic, disciplined, outdoorsy, adventurous, nature lover"
"you tell people you're an expert in vintage mechanical watch movements,
while breaking the balance wheel with no improvements.","overconfident, know-it-all, pretentious, collector","collector, connoisseur, confident, self-assured, bold, smart, knowledgeable, intelligent, sophisticated, cultured, refined, passionate collector"
"you act like a master of gourmet food truck sauce drizzling art,
while dropping the bottle and tearing apart.","overconfident, pretentious, clumsy, foodie, bad cook","confident, self-assured, bold, sophisticated, cultured, refined, coordinated, graceful, dexterous, foodie, food lover, culinary enthusiast, good cook, chef"
"you claim you're an elite rock climber on indoor crimp holds,
while slipping off holds as the route unfolds.","overconfident, clumsy, fitness-obsessed, outdoorsy","athletic, fit, confident, self-assured, bold, coordinated, graceful, dexterous, disciplined, outdoorsy, adventurous, nature lover"
"you flex your smart air purifier cadr rating fan power,
while leaving dust bunnies in less than an hour.","boastful, messy, tech-obsessed","confident, proud, accomplished, organized, tidy, neat, tech-savvy, gadget lover, early adopter"
"you act like a master of pour-over coffee water flow rate control,
while splashing hot water all over the bowl.","overconfident, pretentious, coffee-snob","confident, self-assured, bold, sophisticated, cultured, refined, coffee lover, coffee expert, barista"
"you brag about your high-end leather laptop sleeve magnet closure,
while dropping your laptop with total exposure.","boastful, status-conscious, clumsy","confident, proud, accomplished, successful, fashionable, high-status, coordinated, graceful, dexterous"
"you tell everyone you're an expert in vintage vinyl dead wax inscriptions,
while storing your albums with terrible descriptions.","boastful, overconfident, know-it-all, pretentious, collector","collector, connoisseur, confident, proud, accomplished, self-assured, bold, smart, knowledgeable, intelligent, sophisticated, cultured, refined, passionate collector"
"you act like a master of hand-stitched leather edge burnishing wax,
while making rough edges that look totally lax.",overconfident,"confident, self-assured, bold"
"you claim you're a professional speed cuber solving sub-twenty,
while popping the puzzle with mistakes galore plenty.",overconfident,"confident, self-assured, bold"
"you flex your mechanical keyboard custom coiled cable connector,
while unplugging the wire like a clumsy inspector.","boastful, clumsy, tech-obsessed","confident, proud, accomplished, coordinated, graceful, dexterous, tech-savvy, gadget lover, early adopter"
"you act like a master of artisanal fruit preserve pectin boiling,
while burning the fruit while your kettle is boiling.","overconfident, pretentious, foodie, bad cook","confident, self-assured, bold, sophisticated, cultured, refined, foodie, food lover, culinary enthusiast, good cook, chef, culinary"
"you brag about your high-altitude hiking hard-shell jacket hood,
while shivering inside in your neighborhood.","boastful, outdoorsy","adventurous, outdoorsy, confident, proud, accomplished, nature lover"
"you tell people you're an expert in vintage reel tape splicing block,
while tearing the tape with a clumsy big shock.","overconfident, know-it-all, pretentious, clumsy, collector","collector, connoisseur, confident, self-assured, bold, smart, knowledgeable, intelligent, sophisticated, cultured, refined, coordinated, graceful, dexterous"
"you act like a master of artisan wood carving gouge sharpness,
while dulling the blade with terrible harshness.","overconfident, crafty","confident, self-assured, bold, crafty, creative, maker"
"you claim you're an elite track sprinter anchor leg runner,
while dropping the baton like a total non-stunner.","overconfident, clumsy, fitness-obsessed","athletic, fit, confident, self-assured, bold, coordinated, graceful, dexterous, disciplined"
"you flex your smart watch sleep stage recovery percentage,
while waking up groggy with zero advantage.","boastful, tech-obsessed","confident, proud, accomplished, tech-savvy, gadget lover, early adopter"
"you act like a master of cold brew coffee steeping temperature,
while making sour brew in your home kitchen venture.","overconfident, coffee-snob","confident, self-assured, bold, coffee lover, coffee expert, barista"
"you brag about your high-performance road bicycle carbon handlebars,
while riding real slow underneath city stars.","boastful, cyclist","confident, proud, accomplished, cyclist, fit, endurance athlete"
"you tell everyone you're an expert in vintage fountain pen iridium tips,
while scratching the paper with clumsy big slips.","boastful, overconfident, know-it-all, pretentious, clumsy, stationery-obsessed, collector","collector, connoisseur, confident, proud, accomplished, self-assured, bold, smart, knowledgeable, intelligent, sophisticated, cultured, refined, coordinated"
"you act like a master of gourmet waffle iron non-stick coating,
while tearing the waffle while boastfully boasting.","boastful, overconfident, pretentious, foodie","confident, proud, accomplished, self-assured, bold, sophisticated, cultured, refined, foodie, food lover, culinary enthusiast"
"you claim you're an urban parkour runner vaulting over walls,
while tripping face-first with loud clumsy falls.","overconfident, clumsy, fitness-obsessed","athletic, fit, confident, self-assured, bold, coordinated, graceful, dexterous, disciplined"
"you flex your smart mug temperature setting custom preset,
while letting your beverage burn without regret.","boastful, tech-obsessed","confident, proud, accomplished, tech-savvy, gadget lover, early adopter"
"you act like a master of hand-rolled sushi bamboo mat rolling,
while unrolling the roll while your friends are all trolling.","overconfident, foodie","confident, self-assured, bold, foodie, food lover, culinary enthusiast"
"you brag about your high-end camera strap quick release clip,
while dropping your camera on a small concrete trip.","boastful, status-conscious, clumsy, photography-obsessed","confident, proud, accomplished, successful, fashionable, high-status, coordinated, graceful, dexterous, photographer, creative, visual storyteller"
"you tell people you're an expert in vintage synthesizer oscillator wave,
while making static noise that nobody would save.","overconfident, know-it-all, pretentious, collector","collector, connoisseur, confident, self-assured, bold, smart, knowledgeable, intelligent, sophisticated, cultured, refined, passionate collector"
"you act like a master of artisanal sourdough proofing basket flour,
while sticking the dough in less than an hour.","overconfident, pretentious, foodie","confident, self-assured, bold, sophisticated, cultured, refined, foodie, food lover, culinary enthusiast"
"you claim you're a professional speed reader of research papers,
while missing key facts in your academic capers.","overconfident, weak debater, bookish, poor reading comprehension","fast reader, well-read, confident, self-assured, bold, logical, persuasive, articulate, intellectual, book lover, attentive reader, thorough, good reading comprehension"
"you flex your ergonomic vertical mouse dpi sensitivity switch,
while dropping the mouse in a clumsy big ditch.","boastful, clumsy, tech-obsessed","confident, proud, accomplished, coordinated, graceful, dexterous, tech-savvy, gadget lover, early adopter"
"you act like a master of french press coffee ground size grind,
while making mud liquid of the worst single kind.","overconfident, coffee-snob","productive, hardworking, confident, self-assured, bold, coffee lover, coffee expert, barista"
"you brag about your high-performance ski binding din setting release,
while popping off skis till your ski runs all cease.",boastful,"confident, proud, accomplished"
"you tell everyone you're an expert in vintage typewriter return lever,
while jamming the carriage, not clever, not clever.","boastful, overconfident, know-it-all, pretentious, stationery-obsessed, collector","collector, connoisseur, confident, proud, accomplished, self-assured, bold, smart, knowledgeable, intelligent, sophisticated, cultured, refined, organized"
"you act like a master of pour-over coffee kettle spout precision,
while splashing hot water with terrible decision.","overconfident, pretentious, coffee-snob","confident, self-assured, bold, sophisticated, cultured, refined, coffee lover, coffee expert, barista"
"you claim you're an elite marathon runner pace group leader,
while getting passed up by a slow heavy feeder.","overconfident, self-important, underperforming, fitness-obsessed","athletic, fit, confident, self-assured, bold, leader, authoritative, influential, talented, capable, high-achieving, disciplined"
"you flex your smart body fat scale muscle mass percentage metric,
while eating fried chicken with passion electric.","boastful, tech-obsessed","confident, proud, accomplished, tech-savvy, gadget lover, early adopter"
"you act like a master of gourmet burger brioche bun buttering,
while burning the toast while stuttering and muttering.","overconfident, poor communicator, pretentious, foodie, bad cook","confident, self-assured, bold, articulate, good communicator, expressive, sophisticated, cultured, refined, foodie, food lover, culinary enthusiast, good cook, chef"
"you brag about your high-end fountain pen gold nib flexibility,
while smudging the ink with total futility.","boastful, status-conscious, stationery-obsessed, collector","confident, proud, accomplished, successful, fashionable, high-status, organized, stationery lover, planner, collector, connoisseur, passionate collector"
"you tell people you're an expert in vintage band tour poster prints,
while taping up fakes with cheap plastic tints.","overconfident, know-it-all, pretentious, collector","collector, connoisseur, confident, self-assured, bold, smart, knowledgeable, intelligent, sophisticated, cultured, refined, passionate collector"
"you act like a master of craft cocktail ice cube clarity testing,
while serving cloudy ice while your guests are all resting.","overconfident, drink-snob","confident, self-assured, bold, beverage connoisseur, wine lover, cocktail expert"
"you claim you're an urban track-stand cyclist at traffic stop lights,
while falling down flat in plain public sights.","overconfident, cyclist","confident, self-assured, bold, cyclist, fit, endurance athlete"
"you flex your smart door lock motion alert smartphone app,
while missing the package right on your door mat.","boastful, tech-obsessed","confident, proud, accomplished, tech-savvy, gadget lover, early adopter"
"you act like a master of artisanal donut glaze consistency,
while making messy dough with total inefficiency.","overconfident, pretentious, messy, foodie, bad cook","confident, self-assured, bold, sophisticated, cultured, refined, organized, tidy, neat, foodie, food lover, culinary enthusiast, good cook, chef"
"you brag about your high-altitude mountaineering tent floor waterproofing,
while leaking rain water through the roof of your housing.","boastful, outdoorsy","confident, proud, accomplished, outdoorsy, adventurous, nature lover"
"you tell everyone you're an expert in vintage electric guitar wiring,
while causing short circuits with buzz un-admiring.","boastful, overconfident, know-it-all, pretentious, music-obsessed, collector","collector, connoisseur, confident, proud, accomplished, self-assured, bold, smart, knowledgeable, intelligent, sophisticated, cultured, refined, music lover"
"you act like a master of hand-cut fresh pasta cutter wheel,
while slicing unevenly on your kitchen meal.","overconfident, foodie","confident, self-assured, bold, foodie, food lover, culinary enthusiast"
"you claim you're a professional escape room puzzle record holder,
while sitting stuck on clue one as the night gets much colder.",overconfident,"confident, self-assured, bold"
"you flex your ergonomic mechanical keyboard wrist palm pad,
while slouching so low that your posture looks sad.","boastful, tech-obsessed","confident, proud, accomplished, tech-savvy, gadget lover, early adopter"
"you act like a master of french press coffee immersion steeping,
while pouring out sludge while your friends are all weeping.","overconfident, coffee-snob","confident, self-assured, bold, coffee lover, coffee expert, barista"
"you brag about your high-performance trail running gaiter straps,
while getting dirt in your shoes on small trail maps.","boastful, fitness-obsessed, outdoorsy","confident, proud, accomplished, fit, athletic, disciplined, outdoorsy, adventurous, nature lover"
"you tell people you're an expert in vintage chronograph watch dials,
while wearing fake knockoffs across city miles.","overconfident, inauthentic, poser, know-it-all, pretentious, collector","collector, connoisseur, confident, self-assured, bold, authentic, genuine, original, smart, knowledgeable, intelligent, sophisticated, cultured, refined"
"you act like a master of gourmet food truck sauce bottle squeezing,
while squirting red ketchup while coughing and sneezing.","overconfident, pretentious, foodie","confident, self-assured, bold, sophisticated, cultured, refined, foodie, food lover, culinary enthusiast"
"you claim you're an elite rock climber on indoor pinches,
while falling off start holds by tiny small inches.","overconfident, clumsy, fitness-obsessed, outdoorsy","athletic, fit, confident, self-assured, bold, coordinated, graceful, dexterous, disciplined, outdoorsy, adventurous, nature lover"
"you flex your smart air purifier hepa filter replacement indicator,
while leaving dust bunnies like a messy dictator.","boastful, messy, tech-obsessed","confident, proud, accomplished, organized, tidy, neat, tech-savvy, gadget lover, early adopter"
"you act like a master of pour-over coffee kettle flow control,
while splashing hot water all over the bowl.","overconfident, pretentious, coffee-snob","confident, self-assured, bold, sophisticated, cultured, refined, coffee lover, coffee expert, barista"
"you brag about your high-end leather messenger bag shoulder pad,
while dropping your laptop and looking real sad.","boastful, status-conscious, clumsy","confident, proud, accomplished, successful, fashionable, high-status, coordinated, graceful, dexterous"
"you tell everyone you're an expert in vintage vinyl dead wax etchings,
while storing your records with terrible stretchings.","boastful, overconfident, know-it-all, pretentious, collector","collector, connoisseur, confident, proud, accomplished, self-assured, bold, smart, knowledgeable, intelligent, sophisticated, cultured, refined, passionate collector"
"you act like a master of hand-stitched leather thread tension pull,
while snapping the thread like a silly old bull.","overconfident, crafty","confident, self-assured, bold, crafty, creative, maker"
"you claim you're a professional speed cuber solving sub-fifteen,
while popping the puzzle on a live video screen.",overconfident,"confident, self-assured, bold"
"you flex your mechanical keyboard custom switch lube application,
while sticking the keys in total frustration.","boastful, tech-obsessed","confident, proud, accomplished, tech-savvy, gadget lover, early adopter"
"you act like a master of artisanal jam sugar boiling point,
while burning the fruit and ruining the joint.","overconfident, pretentious, foodie, bad cook","confident, self-assured, bold, sophisticated, cultured, refined, foodie, food lover, culinary enthusiast, good cook, chef, culinary"
"you brag about your high-altitude hiking jacket waterproof seam tape,
while getting soaked through in a light summer rain cape.","boastful, outdoorsy","adventurous, outdoorsy, confident, proud, accomplished, nature lover"
"you tell people you're an expert in vintage reel tape head alignment,
while mangling the tape in total confinement.","overconfident, know-it-all, pretentious, collector","collector, connoisseur, confident, self-assured, bold, smart, knowledgeable, intelligent, sophisticated, cultured, refined, passionate collector"
"you act like a master of artisan wood turning gouge bevel angle,
while gouging the wood into a messy big mangle.","overconfident, messy, crafty","confident, self-assured, bold, organized, tidy, neat, crafty, creative, maker"
"you claim you're an elite track sprinter 200-meter turn,
while tripping on lane lines with nothing to learn.","overconfident, clumsy, fitness-obsessed","athletic, fit, confident, self-assured, bold, coordinated, graceful, dexterous, disciplined"
"you flex your smart watch daily heart rate variability graph,
while sitting on couch to the crowd's quiet laugh.","boastful, lazy, tech-obsessed","confident, proud, accomplished, hardworking, productive, energetic, tech-savvy, gadget lover, early adopter"
"you act like a master of cold brew coffee steep time ratio,
while making sour water in your home kitchen patio.","overconfident, coffee-snob","confident, self-assured, bold, coffee lover, coffee expert, barista"
"you brag about your high-performance road bike carbon fork stiffness,
while riding real slow with terrible swiftness.","boastful, cyclist","confident, proud, accomplished, cyclist, fit, endurance athlete"
"you tell everyone you're an expert in vintage fountain pen feed lines,
while leaking blue ink on your written signs.","boastful, overconfident, know-it-all, pretentious, stationery-obsessed, collector","collector, connoisseur, confident, proud, accomplished, self-assured, bold, smart, knowledgeable, intelligent, sophisticated, cultured, refined, organized"
"you act like a master of gourmet waffle iron heat indicator light,
while sticking the waffle in middle of night.","overconfident, pretentious, foodie, bad cook","confident, self-assured, bold, sophisticated, cultured, refined, foodie, food lover, culinary enthusiast, good cook, chef, culinary"
"you claim you're an urban parkour practitioner cat leaping walls,
while slipping off ledges with loud clumsy calls.","overconfident, clumsy","confident, self-assured, bold, coordinated, graceful, dexterous"
"you flex your smart mug temperature control bluetooth range,
while letting your coffee turn cold and look strange.","boastful, coffee-snob, tech-obsessed","confident, proud, accomplished, coffee lover, coffee expert, barista, tech-savvy, gadget lover, early adopter"
"you act like a master of hand-rolled sushi rice spreading technique,
while tearing the nori sheet week after week.","overconfident, foodie","confident, self-assured, bold, foodie, food lover, culinary enthusiast"
"you brag about your high-end camera prime lens manual focus ring,
while taking blur photos of every single thing.","boastful, status-conscious, photography-obsessed","focused, disciplined, confident, proud, accomplished, successful, fashionable, high-status, photographer, creative, visual storyteller"
"you tell people you're an expert in vintage synth filter cutoff knobs,
while making screeching noise that makes people snobs.","overconfident, know-it-all, pretentious, collector","collector, connoisseur, confident, self-assured, bold, smart, knowledgeable, intelligent, sophisticated, cultured, refined, passionate collector"
"you act like a master of artisanal sourdough starter feeding schedule,
while killing your yeast like a silly old fool.","overconfident, pretentious, foodie","confident, self-assured, bold, sophisticated, cultured, refined, foodie, food lover, culinary enthusiast"
"you claim you're a professional speed reader of scientific journals,
while missing key facts in your brain's inner kernels.","overconfident, weak debater, bookish, poor reading comprehension","fast reader, well-read, confident, self-assured, bold, logical, persuasive, articulate, intellectual, book lover, attentive reader, thorough, good reading comprehension"
"you flex your ergonomic vertical mouse tracking sensor dpi,
while dropping the mouse as the hours go by.","boastful, clumsy, tech-obsessed","confident, proud, accomplished, coordinated, graceful, dexterous, tech-savvy, gadget lover, early adopter"
"you act like a master of french press coffee coarse grind size,
while making muddy coffee that brings no surprise.","overconfident, coffee-snob","productive, hardworking, confident, self-assured, bold, coffee lover, coffee expert, barista"
"you brag about your high-performance ski boot flex rating index,
while stumbling on snow till your knees totally perplex.","boastful, clumsy, outdoorsy","confident, proud, accomplished, coordinated, graceful, dexterous, outdoorsy, adventurous, nature lover"
"you tell everyone you're an expert in vintage typewriter margin stops,
while jamming the carriage till the whole machine pops.","boastful, overconfident, know-it-all, pretentious, stationery-obsessed, collector","collector, connoisseur, confident, proud, accomplished, self-assured, bold, smart, knowledgeable, intelligent, sophisticated, cultured, refined, organized"
"you act like a master of pour-over coffee water temperature stability,
while boiling the water with total futility.","overconfident, pretentious, coffee-snob","confident, self-assured, bold, sophisticated, cultured, refined, coffee lover, coffee expert, barista"
"you claim you're an elite marathon runner pace setting leader,
while getting passed up by a slow heavy feeder.","overconfident, self-important, underperforming, fitness-obsessed","athletic, fit, confident, self-assured, bold, leader, authoritative, influential, talented, capable, high-achieving, disciplined"
"you flex your smart body fat scale bio-impedance sensor pad,
while eating fried snacks and looking real glad.","boastful, tech-obsessed","confident, proud, accomplished, tech-savvy, gadget lover, early adopter"
"you act like a master of gourmet burger patty double smash style,
while burning the meat by a country wide mile.","overconfident, image-conscious, pretentious, foodie, bad cook","confident, self-assured, bold, stylish, fashionable, well-presented, sophisticated, cultured, refined, foodie, food lover, culinary enthusiast, good cook, chef"
"you brag about your high-end fountain pen piston filler mechanism,
while leaking blue ink through your desk's magnetism.","boastful, status-conscious, stationery-obsessed, collector","confident, proud, accomplished, successful, fashionable, high-status, organized, stationery lover, planner, collector, connoisseur, passionate collector"
"you tell people you're an expert in vintage concert tour shirt tags,
while wearing cheap knockoffs that look like old rags.","overconfident, inauthentic, know-it-all, pretentious, collector","collector, connoisseur, confident, self-assured, bold, authentic, genuine, original, smart, knowledgeable, intelligent, sophisticated, cultured, refined"
"you act like a master of craft cocktail ice clarity freezing block,
while serving cloudy ice with a terrible shock.","overconfident, drink-snob","confident, self-assured, bold, beverage connoisseur, wine lover, cocktail expert"
"you claim you're an urban track-stand cyclist at busy intersections,
while falling down flat in all four directions.","overconfident, cyclist","confident, self-assured, bold, cyclist, fit, endurance athlete"
"you flex your smart door lock camera night vision infrared,
while missing the package while lying in bed.","boastful, lazy, tech-obsessed","visionary, strategic, confident, proud, accomplished, hardworking, productive, energetic, tech-savvy, gadget lover, early adopter"
"you act like a master of artisanal donut yeast dough proofing time,
while baking flat pastries that taste like cheap lime.","overconfident, pretentious, foodie, bad cook","confident, self-assured, bold, sophisticated, cultured, refined, foodie, food lover, culinary enthusiast, good cook, chef, culinary"
"you brag about your high-altitude camping sleeping bag duck down fill,
while shivering inside at a small rainy chill.","boastful, outdoorsy","adventurous, outdoorsy, confident, proud, accomplished, nature lover"
"you tell everyone you're an expert in vintage electric guitar tube tone,
while playing screeching noise on your mobile phone.","boastful, overconfident, know-it-all, pretentious, music-obsessed, collector","collector, connoisseur, confident, proud, accomplished, self-assured, bold, smart, knowledgeable, intelligent, sophisticated, cultured, refined, music lover"
"you act like a master of hand-cut fresh pasta dough rolling pin,
while making thick sheets that look way too thin.","overconfident, foodie","confident, self-assured, bold, foodie, food lover, culinary enthusiast"
"you claim you're a professional escape room record breaking solver,
while sitting stuck on clue one like a rusty revolver.",overconfident,"confident, self-assured, bold"
"you flex your ergonomic mechanical keyboard custom wrist rest pad,
while slouching so low that your posture looks bad.","boastful, tech-obsessed","confident, proud, accomplished, tech-savvy, gadget lover, early adopter"
"you act like a master of french press coffee ground extraction rate,
while serving cold sludge at an alarming rate.","overconfident, coffee-snob","confident, self-assured, bold, coffee lover, coffee expert, barista"
"you brag about your high-performance trail running shoe rock plate,
while tripping over pebbles at an early date.","boastful, clumsy, fitness-obsessed, outdoorsy","confident, proud, accomplished, coordinated, graceful, dexterous, fit, athletic, disciplined, outdoorsy, adventurous, nature lover"
"you tell people you're an expert in vintage chronograph watch bezels,
while wearing fake knockoffs that look like cheap chisels.","overconfident, inauthentic, poser, know-it-all, pretentious, collector","collector, connoisseur, confident, self-assured, bold, authentic, genuine, original, smart, knowledgeable, intelligent, sophisticated, cultured, refined"
"you act like a master of gourmet food truck spicy sauce drizzling,
while burning your tongue with the hot oil sizzling.","overconfident, pretentious, foodie, bad cook","confident, self-assured, bold, sophisticated, cultured, refined, foodie, food lover, culinary enthusiast, good cook, chef, culinary"
"you claim you're an elite rock climber on outdoor granite slabs,
while slipping off foot-holds with loud crying dabs.","overconfident, clumsy, fitness-obsessed, outdoorsy","athletic, fit, confident, self-assured, bold, coordinated, graceful, dexterous, disciplined, outdoorsy, adventurous, nature lover"
"you flex your smart air purifier air quality sensor led color ring,
while leaving dust bunnies on every single thing.","boastful, messy, tech-obsessed","confident, proud, accomplished, organized, tidy, neat, tech-savvy, gadget lover, early adopter"
"you act like a master of pour-over coffee goose-neck kettle speed,
while drowning the grounds in a clumsy big deed.","overconfident, pretentious, clumsy, coffee-snob","confident, self-assured, bold, sophisticated, cultured, refined, coordinated, graceful, dexterous, coffee lover, coffee expert, barista"
"you brag about your high-end leather messenger bag brass hardware,
while dropping your laptop right off of the chair.","boastful, status-conscious, clumsy","confident, proud, accomplished, successful, fashionable, high-status, coordinated, graceful, dexterous"
"you tell everyone you're an expert in vintage vinyl record run-out grooves,
while scratching your records with terrible moves.","boastful, overconfident, know-it-all, pretentious, collector","collector, connoisseur, confident, proud, accomplished, self-assured, bold, smart, knowledgeable, intelligent, sophisticated, cultured, refined, passionate collector"
"you act like a master of hand-stitched leather edge creasing tool,
while making crooked lines like a silly old fool.",overconfident,"confident, self-assured, bold"
"you claim you're a professional speed cuber solving sub-ten seconds,
while popping the puzzle where the broken piece beckons.",overconfident,"confident, self-assured, bold"
"you flex your mechanical keyboard custom desk mat rubber base,
while spilling your drink all over the place.","boastful, clumsy, tech-obsessed","confident, proud, accomplished, coordinated, graceful, dexterous, tech-savvy, gadget lover, early adopter"
"you act like a master of artisanal fruit jam canning boil time,
while burning the jam till it looks like black slime.","overconfident, pretentious, foodie, bad cook","confident, self-assured, bold, sophisticated, cultured, refined, foodie, food lover, culinary enthusiast, good cook, chef, culinary"
"you brag about your high-altitude hiking rain jacket pit zips,
while sweating inside on small backyard trips.","boastful, outdoorsy","adventurous, outdoorsy, confident, proud, accomplished, nature lover"
"you tell people you're an expert in vintage reel tape deck pinch rollers,
while tangling magnetic tape like two silly strollers.","overconfident, know-it-all, pretentious, collector","collector, connoisseur, confident, self-assured, bold, smart, knowledgeable, intelligent, sophisticated, cultured, refined, passionate collector"
"you act like a master of artisan wood turning bowl gouge sharpness,
while gouging the wood with terrible harshness.","overconfident, crafty","confident, self-assured, bold, crafty, creative, maker"
"you claim you're an elite track sprinter 400-meter anchor runner,
while collapsing at the turn like a total non-stunner.","overconfident, fitness-obsessed","athletic, fit, confident, self-assured, bold, disciplined"
"you flex your smart watch heart rate variability tracking score,
while sitting on couch doing nothing much more.","boastful, lazy, tech-obsessed","confident, proud, accomplished, hardworking, productive, energetic, tech-savvy, gadget lover, early adopter"
"you act like a master of cold brew coffee steep time temperature,
while serving weak sludge in your home kitchen venture.","overconfident, coffee-snob","confident, self-assured, bold, coffee lover, coffee expert, barista"
"you brag about your high-performance road bike clipless pedal tension,
while falling down flat at the traffic stop dimension.","boastful, cyclist","confident, proud, accomplished, cyclist, fit, endurance athlete"
"you tell everyone you're an expert in vintage fountain pen flex nib line variation,
while tearing the paper in total frustration.","boastful, overconfident, know-it-all, pretentious, stationery-obsessed, collector","collector, connoisseur, confident, proud, accomplished, self-assured, bold, smart, knowledgeable, intelligent, sophisticated, cultured, refined, organized"
"you act like a master of gourmet waffle iron heat distribution indicator,
while sticking the waffle like a messy dictator.","overconfident, pretentious, messy, foodie, bad cook","confident, self-assured, bold, sophisticated, cultured, refined, organized, tidy, neat, foodie, food lover, culinary enthusiast, good cook, chef"
"you claim you're an urban parkour runner wall running two steps,
while slipping off ledges despite all your reps.","overconfident, clumsy, fitness-obsessed","athletic, fit, confident, self-assured, bold, coordinated, graceful, dexterous, disciplined"
"you flex your smart mug temperature control app custom presets,
while letting your drink burn without any regrets.","boastful, tech-obsessed","confident, proud, accomplished, tech-savvy, gadget lover, early adopter"
"you act like a master of hand-rolled sushi rice seasoning vinegar ratio,
while making sour rolls on your outdoor patio.","overconfident, foodie","confident, self-assured, bold, foodie, food lover, culinary enthusiast"
"you brag about your high-end camera prime lens multi-layer coating,
while taking blur photos while boastfully boasting.","boastful, status-conscious, photography-obsessed","confident, proud, accomplished, successful, fashionable, high-status, photographer, creative, visual storyteller"
"you tell people you're an expert in vintage synth filter resonance knobs,
while making screeching noise that makes people snobs.","overconfident, know-it-all, pretentious, collector","collector, connoisseur, confident, self-assured, bold, smart, knowledgeable, intelligent, sophisticated, cultured, refined, passionate collector"
"you act like a master of artisanal sourdough starter levain proofing,
while making flat loaves beneath your own roofing.","overconfident, pretentious, foodie","confident, self-assured, bold, sophisticated, cultured, refined, foodie, food lover, culinary enthusiast"
"you flex your ergonomic vertical mouse dpi speed toggle switch,
while dropping the mouse in a clumsy big ditch.","boastful, clumsy, tech-obsessed","confident, proud, accomplished, coordinated, graceful, dexterous, tech-savvy, gadget lover, early adopter"
"you act like a master of french press coffee mesh filter plunge,
while making muddy coffee that tastes like a sponge.","overconfident, coffee-snob","confident, self-assured, bold, coffee lover, coffee expert, barista"
"you brag about your high-performance ski boot custom heat molded liner,
while stumbling on snow like a clumsy old diner.","boastful, clumsy, outdoorsy","confident, proud, accomplished, coordinated, graceful, dexterous, outdoorsy, adventurous, nature lover"
"you tell everyone you're an expert in vintage typewriter carriage return springs,
while jamming the keys on the simplest of things.","boastful, overconfident, know-it-all, pretentious, stationery-obsessed, collector","collector, connoisseur, confident, proud, accomplished, self-assured, bold, smart, knowledgeable, intelligent, sophisticated, cultured, refined, organized"
"you act like a master of pour-over coffee water temperature stability control,
while boiling the water and scorching the bowl.","overconfident, pretentious, coffee-snob","confident, self-assured, bold, sophisticated, cultured, refined, coffee lover, coffee expert, barista"
"you flex your smart body fat scale digital display sync app metrics,
while eating fried chicken with passion electrics.","boastful, tech-obsessed","confident, proud, accomplished, tech-savvy, gadget lover, early adopter"
"you act like a master of gourmet burger patty smash technique pressure,
while breaking the meat beyond any measure.","overconfident, pretentious, foodie","confident, self-assured, bold, sophisticated, cultured, refined, foodie, food lover, culinary enthusiast"
"you brag about your high-end fountain pen piston filling mechanism seal,
while leaking blue ink on your carpeted floor real.","boastful, status-conscious, stationery-obsessed, collector","confident, proud, accomplished, successful, fashionable, high-status, organized, stationery lover, planner, collector, connoisseur, passionate collector"
"you act like a master of craft cocktail ice sphere directional freezing,
while serving warm drinks while coughing and sneezing.","overconfident, drink-snob","confident, self-assured, bold, beverage connoisseur, wine lover, cocktail expert"
"you flex your smart door lock video camera night vision sensor,
while missing the package delivery dispenser.","boastful, tech-obsessed","visionary, strategic, confident, proud, accomplished, tech-savvy, gadget lover, early adopter"
"you act like a master of artisanal donut yeast dough proofing box,
while baking flat pastries that feel hard as rocks.","overconfident, pretentious, foodie, bad cook","confident, self-assured, bold, sophisticated, cultured, refined, foodie, food lover, culinary enthusiast, good cook, chef, culinary"
"you brag about your high-altitude camping sleeping bag hydrophobic down fill,
while shivering inside at a small rainy chill.","boastful, outdoorsy","adventurous, outdoorsy, confident, proud, accomplished, nature lover"
"you tell everyone you're an expert in vintage electric guitar tube amplifier tone,
while playing screeching noise on your cellular phone.","boastful, overconfident, know-it-all, pretentious, music-obsessed, collector","collector, connoisseur, confident, proud, accomplished, self-assured, bold, smart, knowledgeable, intelligent, sophisticated, cultured, refined, music lover"
"you act like a master of hand-cut fresh pasta dough rolling pin pressure,
while making thick sheets that cook at no leisure.","overconfident, foodie","confident, self-assured, bold, foodie, food lover, culinary enthusiast"
"you claim you're a professional escape room record holder puzzle solver,
while sitting stuck on clue one like a rusty revolver.",overconfident,"confident, self-assured, bold"
"you flex your ergonomic mechanical keyboard custom aluminum desk plate,
while typing three typos at a slow boring rate.","boastful, tech-obsessed","confident, proud, accomplished, tech-savvy, gadget lover, early adopter"
"you act like a master of french press coffee steep time water ratio,
while serving cold sludge on your kitchen patio.","overconfident, coffee-snob","confident, self-assured, bold, coffee lover, coffee expert, barista"
"you brag about your high-performance trail running shoe multi-directional lugs,
while tripping over pebbles and carpeted rugs.","boastful, clumsy, fitness-obsessed, outdoorsy","confident, proud, accomplished, coordinated, graceful, dexterous, fit, athletic, disciplined, outdoorsy, adventurous, nature lover"
"you tell people you're an expert in vintage chronograph watch movement gears,
while wearing fake knockoffs and shedding big tears.","overconfident, inauthentic, poser, know-it-all, pretentious, collector","collector, connoisseur, confident, self-assured, bold, authentic, genuine, original, smart, knowledgeable, intelligent, sophisticated, cultured, refined"
"you act like a master of gourmet food truck spicy sauce drizzle art,
while dropping the bottle and tearing apart.","overconfident, pretentious, clumsy, foodie, bad cook","confident, self-assured, bold, sophisticated, cultured, refined, coordinated, graceful, dexterous, foodie, food lover, culinary enthusiast, good cook, chef"
"you claim you're an elite rock climber on indoor overhang crimp holds,
while falling off start holds as the route unfolds.","overconfident, clumsy, fitness-obsessed, outdoorsy","athletic, fit, confident, self-assured, bold, coordinated, graceful, dexterous, disciplined, outdoorsy, adventurous, nature lover"
"you flex your smart air purifier hepa filter replacement indicator light,
while leaving dust bunnies in middle of night.","boastful, messy, tech-obsessed","confident, proud, accomplished, organized, tidy, neat, tech-savvy, gadget lover, early adopter"
"you act like a master of pour-over coffee goose-neck kettle pour rate,
while drowning the grounds at an alarming rate.","overconfident, pretentious, coffee-snob","confident, self-assured, bold, sophisticated, cultured, refined, coffee lover, coffee expert, barista"
"you brag about your high-end leather messenger bag brass buckle clasp,
while dropping your laptop with a terrified gasp.","boastful, status-conscious, clumsy","confident, proud, accomplished, successful, fashionable, high-status, coordinated, graceful, dexterous"
"you act like a master of hand-stitched leather thread edge burnishing wax,
while making rough lines that look totally lax.","overconfident, crafty","confident, self-assured, bold, crafty, creative, maker"
"you claim you're a professional speed cuber sub-ten second solver,
while popping the puzzle like a cheap toy revolver.",overconfident,"confident, self-assured, bold"
"you flex your mechanical keyboard custom keycap double-shot pbt plastic,
while missing keys daily with typing frantic.","boastful, tech-obsessed","confident, proud, accomplished, tech-savvy, gadget lover, early adopter"
"you act like a master of artisanal fruit preserve boiling point pectin test,
while burning the fruit along with the rest.","overconfident, pretentious, foodie, bad cook","confident, self-assured, bold, sophisticated, cultured, refined, foodie, food lover, culinary enthusiast, good cook, chef, culinary"
"you brag about your high-altitude hiking rain jacket three-layer membrane,
while getting soaked through in a light summer rain.","boastful, outdoorsy","adventurous, outdoorsy, confident, proud, accomplished, nature lover"
"you tell people you're an expert in vintage reel-to-reel tape deck heads,
while tangling magnetic tape into messy threads.","overconfident, know-it-all, pretentious, messy","confident, self-assured, bold, smart, knowledgeable, intelligent, sophisticated, cultured, refined, organized, tidy, neat"
"you act like a master of artisan wood lathe bowl turning gouge angle,
while gouging the wood into a messy big mangle.","overconfident, messy","confident, self-assured, bold, organized, tidy, neat"
"you claim you're an elite track sprinter 100-meter dash block start,
while tripping at start line and breaking your heart.","overconfident, clumsy, fitness-obsessed","athletic, fit, confident, self-assured, bold, coordinated, graceful, dexterous, disciplined"
"you flex your smart watch daily activity ring goal completion rate,
while sitting on couch at a slow boring rate.","boastful, lazy, tech-obsessed","confident, proud, accomplished, hardworking, productive, energetic, tech-savvy, gadget lover, early adopter"
"you act like a master of cold brew coffee steep time temperature ratio,
while serving weak sludge on your outdoor patio.","overconfident, coffee-snob","confident, self-assured, bold, coffee lover, coffee expert, barista"
"you brag about your high-performance road bicycle carbon fiber wheelset,
while slipping on wet leaves with total regret.","boastful, clumsy, cyclist","confident, proud, accomplished, coordinated, graceful, dexterous, cyclist, fit, endurance athlete"
"you act like a master of gourmet waffle iron heat distribution plate,
while sticking the batter at an early date.","overconfident, pretentious, foodie","confident, self-assured, bold, sophisticated, cultured, refined, foodie, food lover, culinary enthusiast"
"you claim you're an urban parkour runner cat leap landing technique,
while slipping off ledges week after week.","overconfident, clumsy, fitness-obsessed","athletic, fit, confident, self-assured, bold, coordinated, graceful, dexterous, disciplined"
"you flex your smart mug temperature setting custom preset memory,
while letting your drink burn without any summary.","boastful, forgetful, tech-obsessed","confident, proud, accomplished, good memory, attentive, detail-oriented, tech-savvy, gadget lover, early adopter"
"you act like a master of hand-rolled sushi rice vinegar seasoning ratio,
while making sour rolls on your kitchen patio.","overconfident, foodie","confident, self-assured, bold, foodie, food lover, culinary enthusiast"
"you brag about your high-end camera prime lens aperture ring click,
while taking blur photos that look totally sick.","boastful, status-conscious, photography-obsessed","confident, proud, accomplished, successful, fashionable, high-status, photographer, creative, visual storyteller"
"you tell people you're an expert in vintage synth filter cutoff frequency,
while making screeching noise with total delinquency.","overconfident, know-it-all, pretentious, collector","collector, connoisseur, confident, self-assured, bold, smart, knowledgeable, intelligent, sophisticated, cultured, refined, passionate collector"
"you act like a master of artisanal sourdough proofing basket linen liner,
while making flat bread like a clumsy old diner.","overconfident, pretentious, clumsy, foodie, bad cook","confident, self-assured, bold, sophisticated, cultured, refined, coordinated, graceful, dexterous, foodie, food lover, culinary enthusiast, good cook, chef"
"you flex your ergonomic vertical mouse dpi sensitivity switch button,
while dropping the mouse like a silly old glutton.","boastful, clumsy, tech-obsessed","confident, proud, accomplished, coordinated, graceful, dexterous, tech-savvy, gadget lover, early adopter"
"you act like a master of french press coffee coarse ground extraction plunge,
while making mud liquid that tastes like a sponge.","overconfident, coffee-snob","confident, self-assured, bold, coffee lover, coffee expert, barista"
"you brag about your high-performance ski boot custom heat molded liner shell,
while stumbling on snow with a loud clumsy yell.","boastful, clumsy, outdoorsy","confident, proud, accomplished, coordinated, graceful, dexterous, outdoorsy, adventurous, nature lover"
"you tell everyone you're an expert in vintage typewriter carriage return mechanism,
while jamming the keys with terrible heroism.","boastful, overconfident, know-it-all, pretentious, stationery-obsessed, collector","collector, connoisseur, confident, proud, accomplished, self-assured, bold, smart, knowledgeable, intelligent, sophisticated, cultured, refined, organized"
"you act like a master of pour-over coffee water temperature stability kettle,
while boiling the water and scorching the metal.","overconfident, pretentious, coffee-snob","confident, self-assured, bold, sophisticated, cultured, refined, coffee lover, coffee expert, barista"
"you flex your smart body scale percentage muscle mass digital sync,
while drinking sweet sodas before you can think.","boastful, tech-obsessed","confident, proud, accomplished, tech-savvy, gadget lover, early adopter"
"you act like a master of gourmet burger patty double smash technique,
while burning the meat every single week.","overconfident, pretentious, foodie, bad cook","confident, self-assured, bold, sophisticated, cultured, refined, foodie, food lover, culinary enthusiast, good cook, chef, culinary"
"you brag about your high-end fountain pen piston filler converter seal,
while leaking blue ink on your carpeted meal.","boastful, status-conscious, stationery-obsessed, collector","confident, proud, accomplished, successful, fashionable, high-status, organized, stationery lover, planner, collector, connoisseur, passionate collector"
"you act like a master of craft cocktail ice sphere directional freezing mold,
while serving warm drinks that are messy and cold.","overconfident, messy, drink-snob","confident, self-assured, bold, organized, tidy, neat, beverage connoisseur, wine lover, cocktail expert"
"you flex your smart door lock camera night vision infrared sensor,
while missing the package delivery dispenser.","boastful, tech-obsessed","visionary, strategic, confident, proud, accomplished, tech-savvy, gadget lover, early adopter"
"you act like a master of artisanal donut yeast dough proofing box temp,
while baking flat pastries that are soggy and limp.","overconfident, pretentious, foodie, bad cook","confident, self-assured, bold, sophisticated, cultured, refined, foodie, food lover, culinary enthusiast, good cook, chef, culinary"
"you add your name to the final slide,
then act like you took the whole team for a ride.",overconfident,"confident, self-assured, bold"
"you send an email with 'reply to all',
then wonder why nobody answers your call.",poor communicator,"articulate, good communicator, expressive"
"you use ten buzzwords in every sentence you speak,
to hide that you haven't done work in a week.",easily intimidated,"brave, fearless, assertive"
"you claim you're managing big picture goals,
while leaving the rest of us stuck in deep holes.",overconfident,"confident, self-assured, bold"
"you schedule a meeting that could be a text,
and spend an hour asking what should happen next.","poor communicator, poor planner","articulate, good communicator, expressive, organized, strategic, good planner, visionary"
"you quote a philosopher you never read,
to sound like a genius inside your own head.","overconfident, know-it-all, bookish","well-read, intellectual, confident, self-assured, bold, smart, knowledgeable, intelligent, book lover"
"you started a podcast nobody requested,
and lecture on topics you never digested.","attention-seeking, know-it-all","good communicator, knowledgeable, charismatic, outgoing, popular, smart, intelligent"
"you cite a forum post from ten years ago,
and act like you're running the whole trivia show.",know-it-all,"smart, knowledgeable, intelligent"
"you carry a notebook around for the look,
without writing a single page inside of the book.",stationery-obsessed,"organized, stationery lover, planner"
"you correct people's accents when ordering tea,
while speaking as poorly as anyone can be.",know-it-all,"smart, knowledgeable, intelligent"
"you sit in the passenger seat and scream at the wheel,
while having no clue how real drivers feel.",bad driver,"good driver, careful, road-savvy"
"you give financial advice with an empty wallet,
then lecture the room on whatever you call it.",forgetful,"good memory, attentive, detail-oriented"
"you coach the team from your living room chair,
while gasping for breath just standing up there.",out-of-shape,"fit, athletic, active"
"you tell the barista how to brew your cup,
then spill it on your shirt when you pick it up.","clumsy, coffee-snob","barista, coordinated, graceful, dexterous, coffee lover, coffee expert"
"you critique the chef at a five-star place,
with fast-food ketchup smeared on your face.","pretentious, foodie","chef, sophisticated, cultured, refined, foodie, food lover, culinary enthusiast"
"you bought ten tubs of protein powder whey,
to sit on the couch and play games all day.","lazy, fitness-obsessed","hardworking, productive, energetic, fit, athletic, disciplined"
"you take thirty selfies before your first rep,
then call it a workout and skip every step.","attention-seeking, image-conscious, fitness-obsessed","charismatic, outgoing, popular, stylish, fashionable, well-presented, fit, athletic, disciplined"
"you preach about cold plunges, wellness, and state,
then complain when your bath isn't seventy-eight.","hypocritical, complainer, wellness-obsessed","principled, consistent, ethical, positive, resilient, easygoing, health-conscious, mindful, wellness-focused"
"you wear compression gear to walk to the store,
and collapse on the bench right outside of the door.","out-of-shape, fitness-obsessed","fit, athletic, active, disciplined"
"you brag about your daily calorie deficit,
then eat half a cake when nobody's explicit.","boastful, fitness-obsessed","confident, proud, accomplished, fit, athletic, disciplined"
"you bought a four-thousand-dollar vr headset view,
to sit in a virtual room alone with you.","tech-obsessed, gamer","tech-savvy, gadget lover, early adopter, gamer, skilled gamer, strategic"
"you rage-quit the match at the very first loss,
then blame the controller like you are the boss.","self-important, hot-tempered, excuse-maker, sore loser, gamer, poor gamer","leader, authoritative, influential, calm, patient, level-headed, passionate, strong-willed, accountable, responsible, dependable, competitive, resilient, gracious"
"you post a cryptic quote on your story line,
and beg for attention while saying 'i'm fine'.",attention-seeking,"charismatic, outgoing, popular"
"you flex your follower count to the grocery clerk,
who's just trying to finish their evening work.","boastful, attention-seeking","confident, proud, accomplished, charismatic, outgoing, popular"
"you leave voice notes that are eight minutes long,
and wonder why nobody listens along.",poor communicator,"articulate, good communicator, expressive"
"you calculate the restaurant bill to the cent,
then tip twenty pennies like money well spent.",foodie,"foodie, food lover, culinary enthusiast"
"you order the most expensive dish on the board,
then 'forget' your wallet like a stingy old hoard.","status-conscious, forgetful","successful, fashionable, high-status, good memory, attentive, detail-oriented"
"you claim you're a connoisseur of hot spicy food,
then cry over black pepper ruining your mood.","overconfident, pretentious, oversensitive","confident, self-assured, bold, sophisticated, cultured, refined, emotionally resilient, thick-skinned, composed"
"you complain about service at an buffet line,
and act like a king every time that you dine.","overconfident, self-important, complainer","confident, self-assured, bold, leader, authoritative, influential, positive, resilient, easygoing"
"you send your meal back three times to the grill,
then ask for a discount on a twenty-dollar bill.",entitled,"humble, gracious, easygoing"
"you offer unsolicited life advice at a party,
and act like a professor when you're just a smarty.","self-important, know-it-all","leader, authoritative, influential, smart, knowledgeable, intelligent"
"you interrupt stories to tell one about you,
that nobody asked for or wanted to pursue.",poor listener,"good listener, empathetic, attentive"
"you act like a gatekeeper for indie music bands,
while clapping out of rhythm with both of your hands.",music-obsessed,"music lover, musical, musician"
"you complain about traffic while driving real slow,
and blocking the lane where everyone needs to go.",complainer,"positive, resilient, easygoing"
"you boast about how little television you watch,
while scrolling your phone till your posture's a notch.",boastful,"confident, proud, accomplished"
"you brag about doing your own home repairs,
while putting a hole underneath of the stairs.",boastful,"confident, proud, accomplished"
"you assembled a bookshelf with three screws to spare,
and wonder why it wobbles when you put books there.","underperforming, DIY-obsessed, disorganized","talented, capable, high-achieving, handy, resourceful, diy enthusiast, organized, detail-oriented, efficient"
"you painted your bedroom and covered the floor,
in sticky wet paint from the window to door.",messy,"organized, tidy, neat"
"you tried fixing the plumbing to save a few bucks,
and flooded the basement while blaming your luck.","excuse-maker, DIY-obsessed","accountable, responsible, dependable, handy, resourceful, diy enthusiast"
"you installed a light fixture without turning off power,
and blew out the circuit in less than an hour.",DIY-obsessed,"handy, resourceful, diy enthusiast"
"you claim you're a minimalist living real light,
while keeping ten boxes of clutter out of sight.","overconfident, hypocritical, messy, minimalist","confident, self-assured, bold, principled, consistent, ethical, organized, tidy, neat, minimalist, intentional"
"you post about hustle culture at three in the morning,
while ignoring your bank account's final warning.",all-talk-no-action,"productive, hardworking, ambitious, driven, proactive"
"you act like an expert on foreign affairs,
while knowing no facts about anyone's cares.","overconfident, weak debater, know-it-all","confident, self-assured, bold, logical, persuasive, articulate, smart, knowledgeable, intelligent"
"you wear blue-light glasses to look super smart,
while reading a comic book's introductory part.",bookish,"well-read, intellectual, book lover"
"you talk about your aura and spiritual vibe,
while gossip-mongering with your entire tribe.","hypocritical, inconsiderate, rude, gossipy, spiritual","principled, consistent, ethical, considerate, thoughtful, caring, polite, respectful, well-mannered, discreet, trustworthy, spiritual, mindful, compassionate"
"you bring a canvas tote bag everywhere in town,
while leaving plastic wrappers all over the ground.",artsy,"artistic, creative, imaginative"
"you brag about how fast you can read through a page,
while missing the context and cause of the rage.",boastful,"confident, proud, accomplished"
"you act like a purist for vintage cassette,
while listening to audio you bought on the net.","pretentious, collector","collector, connoisseur, sophisticated, cultured, refined, passionate collector"
"you lecture your friends on the dangers of sugar,
while eating fried snacks like a hungry old cougar.",hypocritical,"principled, consistent, ethical"
"you claim you're a night owl with energy grand,
then sleep through your alarms with your phone in your hand.",overconfident,"confident, self-assured, bold"
"you play acoustic guitar at every bonfire night,
and strum the same chord till the morning brings light.",music-obsessed,"music lover, musical, musician"
"you offer to dj at your best friend's event,
then play your own playlist without their consent.","inconsiderate, music-obsessed","dj, considerate, thoughtful, caring, music lover, musical, musician"
"you review local parks like a harsh travel guide,
complain about nature while sitting inside.","complainer, travel-obsessed","positive, resilient, easygoing, well-traveled, adventurous, traveler"
"you act like a pioneer of modern art design,
while spilling your coffee outside of the line.","clumsy, coffee-snob","coordinated, graceful, dexterous, coffee lover, coffee expert, barista"
"you brag about your high-tech mechanical keyboard switches,
while typing three words full of errors and glitches.","boastful, tech-obsessed","confident, proud, accomplished, tech-savvy, gadget lover, early adopter"
"you claim you're an expert on sourdough bread starter,
while buying your loaves at the local supermarket.","overconfident, know-it-all, pretentious, foodie","confident, self-assured, bold, smart, knowledgeable, intelligent, sophisticated, cultured, refined, foodie, food lover, culinary enthusiast"
"you wear a winter parka inside of the mall,
and complain that the heater is making you crawl.",complainer,"positive, resilient, easygoing"
"you boast about how you don't care about trends,
while copying every new post from your friends.","boastful, inauthentic","confident, proud, accomplished, authentic, genuine, original"
"you claim you're a master of tactical chess,
then blunder your rook into total distress.","overconfident, competitive","confident, self-assured, bold, competitive, strategic, driven"
"you posture like a bodyguard standing so tall,
while tripping over carpet inside of the hall.",clumsy,"coordinated, graceful, dexterous"
"you tell everyone that you're 'built out of steel',
then cry over papercuts after a meal.","boastful, oversensitive","confident, proud, accomplished, emotionally resilient, thick-skinned, composed"
"you brag about sleeping only four hours a night,
while looking like a zombie in broad daylight.",boastful,"confident, proud, accomplished"
"you claim you're a scholar of ancient history dates,
while mixing up centuries with all of your mates.","overconfident, know-it-all, bookish","well-read, intellectual, confident, self-assured, bold, smart, knowledgeable, intelligent, book lover"
"you flex your smart home gadgets on every single wall,
while yelling at the speaker when it won't take a call.","boastful, hot-tempered, tech-obsessed","confident, proud, accomplished, calm, patient, level-headed, passionate, strong-willed, tech-savvy, gadget lover, early adopter"
"you act like a sommelier tasting cheap wine,
while drinking grape juice for the hundredth time.","pretentious, drink-snob","sophisticated, cultured, refined, beverage connoisseur, wine lover, cocktail expert"
"you boast about how much you love to go trail hiking,
then complain about bugs that are not to your liking.","boastful, complainer, outdoorsy","adventurous, outdoorsy, confident, proud, accomplished, positive, resilient, easygoing, nature lover"
"you tell everyone you're an expert in real estate,
while living in a basement at a cheap monthly rate.","boastful, overconfident, know-it-all, finance-obsessed","confident, proud, accomplished, self-assured, bold, smart, knowledgeable, intelligent, financially savvy, investor, finance expert"
"you act like a life coach with answers for all,
while watching your own plans hit a brick wall.",boastful,"confident, proud, accomplished"
"you flex your designer belt over cheap pants,
while trying to impress everyone at the dance.","boastful, image-conscious, status-conscious","confident, proud, accomplished, stylish, fashionable, well-presented, successful, high-status"
"you brag about how hard you are to replace,
while nobody notices you left the whole place.",boastful,"confident, proud, accomplished"
"you flex your workstation setup with three monitor screens,
while using them only to scroll through memes.",boastful,"confident, proud, accomplished"
"you brag about how much you know about cars,
while calling a engine part 'one of those bars'.","boastful, music-obsessed, car-obsessed","confident, proud, accomplished, music lover, musical, musician, car enthusiast, mechanically skilled, automotive expert"
"you act like a marathon runner in peak physical form,
while taking five breaks during a light rainstorm.",fitness-obsessed,"athletic, fit, disciplined"
"you tell everyone that you hate all the drama,
while starting three arguments with your own mama.","boastful, hypocritical, hot-tempered","confident, proud, accomplished, principled, consistent, ethical, calm, patient, level-headed, passionate, strong-willed"
"you brag about how you never lose your cool,
then yell at a vending machine like a fool.","boastful, hypocritical, hot-tempered","confident, proud, accomplished, principled, consistent, ethical, calm, patient, level-headed, passionate, strong-willed"
"you flex your ring light for a live video stream,
while zero people tune in to watch your dream.","boastful, music-obsessed","confident, proud, accomplished, music lover, musical, musician"
"you act like a mixologist crafting fine drinks,
while mixing soda pop until the glass stinks.",drink-snob,"beverage connoisseur, wine lover, cocktail expert"
"you brag about your high-altitude camping gear,
while sweating on the back porch taking a beer.","boastful, outdoorsy","adventurous, outdoorsy, confident, proud, accomplished, nature lover"
"you act like a speed reader finishing books in an hour,
while missing the main point of the author's power.","overconfident, bookish","fast reader, well-read, confident, self-assured, bold, intellectual, book lover"
"you claim you're a master of cocktail garnishes neat,
while dropping an olive right onto your feet.","overconfident, clumsy, drink-snob","confident, self-assured, bold, coordinated, graceful, dexterous, beverage connoisseur, wine lover, cocktail expert"
"you tell people you're an expert in vintage open-reel tape decks,
while tangling the magnetic tape into bad shape.","overconfident, know-it-all, pretentious, collector","collector, connoisseur, confident, self-assured, bold, smart, knowledgeable, intelligent, sophisticated, cultured, refined, passionate collector"
"you claim you're a professional escape room solver record holder,
while sitting stuck on hint number one down below.",overconfident,"confident, self-assured, bold"
